Make,Model,Total.Incidents,Total.Fatal.Injuries,Total.Serious.Injuries,Total.Minor.Injuries
AERO COMMANDER,100,{'Substantial': 1},0.0,1.0,1.0
AERO COMMANDER,500,{'Minor': 1},0.0,0.0,0.0
AERO COMMANDER,685,{'Substantial': 1},0.0,0.0,3.0
AERO VODOCHODY,L-39,{'Substantial': 1},2.0,0.0,0.0
AEROSPATIALE,AS 355F1,{'Substantial': 1},1.0,0.0,0.0
AEROSPATIALE,AS355,{'Substantial': 1},0.0,0.0,0.0
AEROSPATIALE,SA341,{'Substantial': 1},0.0,0.0,0.0
AEROSTAR INTERNATIONAL,RX8,{'Minor': 1},0.0,0.0,1.0
AGUSTA,A109,{'Destroyed': 1},3.0,0.0,0.0
AGUSTA,AW-139,{'Minor': 1},0.0,0.0,0.0
AGUSTA BELL,AB206B,{'Substantial': 1},2.0,0.0,1.0
AIR TRACTOR,AT502,{'Substantial': 1},0.0,1.0,0.0
AIR TRACTOR,AT802,{'Substantial': 1},0.0,0.0,0.0
AIR TRACTOR INC,AT-302,{'Substantial': 1},0.0,0.0,0.0
AIRBUS HELICOPTERS,AS 350B3,{'Substantial': 1},0.0,0.0,4.0
AIRBUS HELICOPTERS,EC 130 T2,{'Substantial': 1},0.0,1.0,0.0
AMERICAN BLIMP,A60PLUS,{'Substantial': 1},1.0,0.0,0.0
AMERICAN EUROCOPTER,AS350,{'Destroyed': 1},2.0,0.0,0.0
AVIAT AIRCRAFT INC,A 1B,{'Substantial': 1},0.0,0.0,0.0
Aaa Aircraft Leasing,192,{'Destroyed': 1},2.0,0.0,0.0
Abc,ABC 60 PLUS,{'Substantial': 1},0.0,0.0,0.0
Adams,A60S,{'Substantial': 1},0.0,1.0,0.0
Advanced Technology,PREDATOR 480,{'Destroyed': 1},0.0,0.0,1.0
Aero Commander,100,{'Substantial': 2},0.0,0.0,0.5
Aero Commander,100-180,{'Destroyed': 1},3.0,0.0,0.0
Aero Commander,112,{'Destroyed': 1},1.0,0.0,0.0
Aero Commander,500,{'Substantial': 2},0.0,0.0,0.0
Aero Commander,500-B,{'Destroyed': 1},3.0,0.0,0.0
Aero Commander,500-S,{'Substantial': 1},0.0,0.0,0.0
Aero Commander,520,{'Destroyed': 1},3.0,0.0,0.0
Aero Commander,560,{'Substantial': 1},0.0,0.0,1.0
Aero Commander,560-F,{'Destroyed': 1},4.0,0.0,0.0
Aero Commander,680,{'Substantial': 2},0.5,0.5,0.0
Aero Commander,680-FP,{'Destroyed': 1},1.0,0.0,0.0
Aero Commander,680FL,{'Destroyed': 1},2.0,0.0,0.0
Aero Commander,680FL P,{'Destroyed': 1},2.0,0.0,0.0
Aero Commander,680V,{'Substantial': 1},0.0,0.0,0.0
Aero Commander,681,{'Substantial': 1},0.0,0.0,0.0
Aero Commander,685,{'Substantial': 2},0.0,0.0,0.5
Aero Commander,690,"{'Substantial': 1, 'Destroyed': 1}",0.5,0.0,0.0
Aero Commander,690A,"{'Substantial': 3, 'Destroyed': 1}",0.25,0.5,0.0
Aero Commander,695,{'Substantial': 1},0.0,0.0,0.0
Aero Commander,AC-685,{'Destroyed': 1},5.0,0.0,0.0
Aeronca,11AC,{'Substantial': 1},0.0,1.0,1.0
Aeronca,7AC,{'Substantial': 3},0.0,0.0,0.0
Aeronca,7AC CHAMP,{'Substantial': 1},0.0,0.0,0.0
Aeronca,7CCM,{'Substantial': 1},0.0,1.0,1.0
Aeronca,7DC,{'Substantial': 1},1.0,1.0,0.0
Aeronca,SEDAN AR-15,{'Substantial': 1},0.0,0.0,0.0
Aerospace Tech. Of Australia,N22B,{'Substantial': 1},0.0,0.0,0.0
Aerospatiale,341G,{'Substantial': 1},0.0,0.0,0.0
Aerospatiale,ALOUETTE 3,{'Destroyed': 1},6.0,0.0,0.0
Aerospatiale,AS-350-D,{'Destroyed': 1},2.0,0.0,0.0
Aerospatiale,AS-355E,{'Destroyed': 1},0.0,0.0,0.0
Aerospatiale,AS350B,{'Substantial': 1},0.0,0.0,2.0
Aerospatiale,AS350B3,{'Substantial': 1},0.0,0.0,0.0
Aerospatiale,S350D,{'Substantial': 1},2.0,0.0,0.0
Aerospatiale,SA-315B,{'Substantial': 2},0.0,0.0,2.0
Aerospatiale,SA-316B,{'Substantial': 1},0.0,0.0,0.0
Aerospatiale,SA-341G,{'Substantial': 1},0.0,0.0,1.0
Aerospatiale,SA315B,{'Substantial': 2},0.0,0.0,1.5
Aerospatiale,SA341G,{'Substantial': 1},0.0,0.0,3.0
Aerospatiale,SA365N,{'Destroyed': 1},2.0,1.0,0.0
Aerospatiale,TB-20,{'Destroyed': 1},3.0,0.0,0.0
Aerospatiale,TB-21,{'Destroyed': 1},2.0,1.0,0.0
Aerospatiale/socata,TB-10,{'Destroyed': 1},4.0,0.0,0.0
Aerostar,PA-60-700P,{'Substantial': 1},0.0,0.0,0.0
Aerostar,S-81-A,{'Substantial': 1},0.0,2.0,6.0
Aerostar,S-81A,{'Minor': 1},0.0,1.0,0.0
Aerostar,SP-1,{'Destroyed': 1},0.0,0.0,0.0
Aerotek,PITTS - S2S,{'Destroyed': 1},1.0,0.0,0.0
Aerotek,S-2A,{'Substantial': 1},0.0,0.0,0.0
Agusta,A119,{'Destroyed': 1},0.0,0.0,3.0
Air & Space,18A,{'Substantial': 1},0.0,0.0,1.0
Air Tractor,502B,{'Destroyed': 1},1.0,0.0,0.0
Air Tractor,AT-301,{'Substantial': 1},0.0,1.0,0.0
Air Tractor,AT-402A,{'Substantial': 1},0.0,0.0,1.0
"Airnew, Inc.",QUESTAIR,{'Substantial': 1},0.0,0.0,1.0
Airship Industries,AIRSHIP 600,{'Substantial': 1},0.0,0.0,0.0
American,AA-1B,{'Substantial': 1},0.0,0.0,0.0
American,AA1,{'Substantial': 1},0.0,0.0,0.0
American Aviation Corp. (aac),AA-1A,{'Destroyed': 1},1.0,0.0,0.0
American Blimp Corp.,A-1-50,{'Substantial': 1},0.0,0.0,0.0
American Champion (acac),8GCBC,{'Substantial': 3},0.0,0.0,0.0
American General Aircraft,AG5B,{'Substantial': 1},0.0,2.0,0.0
"Anderson, Greenwood",51,{'Substantial': 1},0.0,0.0,0.0
Artic Aircraft Corp.,INTERSTATE S1B1,{'Substantial': 1},0.0,0.0,0.0
Artic Aircraft Corp.,S-1B2,{'Destroyed': 1},2.0,0.0,0.0
Avian,MAGNUM IX,{'Substantial': 1},0.0,0.0,8.0
Aviat,A-1,{'Substantial': 2},0.0,0.0,0.0
Aviat,A-1A,{'Substantial': 1},0.0,0.0,0.0
Avions Marcel Dassault,MISTERT FALCON 900,{'Minor': 1},0.0,0.0,0.0
B??lkow,BO-105C,{'Substantial': 1},0.0,0.0,0.0
BALONY KUBICEK SPOL SRO,BB70Z,{'Substantial': 1},0.0,0.0,0.0
BEECH,1900,{'Substantial': 1},0.0,0.0,0.0
BEECH,200,{'Substantial': 1},0.0,0.0,0.0
BEECH,35B33,{'Substantial': 1},0.0,1.0,0.0
BEECH,58,{'Substantial': 3},0.0,0.0,0.0
BEECH,58TC,{'Destroyed': 1},1.0,0.0,0.0
BEECH,95 B55,{'Substantial': 1},0.0,0.0,0.0
BEECH,95-B55,{'Substantial': 1},2.0,0.0,0.0
BEECH,95-B55 (T4,{'Destroyed': 1},3.0,0.0,0.0
BEECH,95-B55 (T42A),{'Substantial': 2},0.0,1.0,0.0
BEECH,95-C55,{'Substantial': 1},0.0,0.0,4.0
BEECH,A36,"{'Substantial': 4, 'Destroyed': 4}",1.375,0.0,0.125
BEECH,A36TC,{'Substantial': 2},1.0,1.0,0.0
BEECH,A60,{'Substantial': 1},0.0,0.0,0.0
BEECH,B-60,{'Substantial': 1},0.0,2.0,0.0
BEECH,B-99,{'Substantial': 1},0.0,0.0,0.0
BEECH,B100,"{'Substantial': 2, 'Destroyed': 1, 'Minor': 1}",0.5,0.0,0.0
BEECH,B200,{'Substantial': 1},0.0,0.0,0.0
BEECH,C-99,{'Substantial': 1},0.0,0.0,0.0
BEECH,C90,{'Substantial': 2},0.5,0.0,0.0
BEECH,C90 - A,{'Substantial': 1},0.0,2.0,1.0
BEECH,D17S,{'Substantial': 1},1.0,0.0,0.0
BEECH,E-90,{'Destroyed': 1},2.0,0.0,0.0
BEECH,E35,{'Substantial': 2},0.5,0.0,0.5
BEECH,F33A,{'Substantial': 1},0.0,0.0,0.0
BEECH,F90,{'Destroyed': 1},3.0,0.0,0.0
BEECH,H35,{'Substantial': 1},0.0,0.0,1.0
BEECH,J35,{'Substantial': 1},0.0,0.0,0.0
BEECH,U-8F,{'Substantial': 1},0.0,1.0,0.0
BEECH,V35,{'Substantial': 1},2.0,0.0,0.0
BEECH,V35B,{'Substantial': 1},0.0,0.0,0.0
BEECHCRAFT,390,{'Substantial': 1},0.0,0.0,0.0
BELL,206,"{'Substantial': 2, 'Destroyed': 2, 'Minor': 1}",2.0,0.4,0.2
BELL,206 L4,{'Substantial': 1},0.0,0.0,0.0
BELL,206B,{'Substantial': 2},0.0,0.0,0.5
BELL,206L 3,{'Destroyed': 1},1.0,0.0,0.0
BELL,206L-3,{'Substantial': 2},0.0,0.0,0.0
BELL,212,{'Destroyed': 1},2.0,0.0,0.0
BELL,407,{'Substantial': 2},0.0,0.5,0.0
BELL,412,{'Substantial': 1},0.0,5.0,1.0
BELL,412EP,{'Destroyed': 1},3.0,0.0,0.0
BELL,430,{'Substantial': 1},0.0,0.0,0.0
BELL,47D1,{'Substantial': 1},0.0,2.0,0.0
BELL,AH-1F,{'Substantial': 1},0.0,2.0,0.0
BELL HELICOPTER,206,{'Substantial': 1},1.0,3.0,0.0
BELL HELICOPTER TEXTRON CANADA,206B,{'Substantial': 1},1.0,0.0,0.0
BELL HELICOPTER TEXTRON CANADA,407,{'Substantial': 1},1.0,0.0,0.0
BELLANCA,7GCBC,{'Substantial': 2},1.0,0.0,0.0
BELLANCA,7KCAB,{'Substantial': 1},0.0,0.0,0.0
BOEING,737,{'Minor': 1},0.0,0.0,0.0
BOEING,A75N1,{'Substantial': 2},0.0,2.0,0.0
BOMBARDIER,BD100 1A10,{'Minor': 1},0.0,0.0,0.0
BOMBARDIER INC,BD-100-1A10,{'Minor': 1},0.0,0.0,0.0
BOMBARDIER INC,CL-600-2B16,{'Substantial': 1},0.0,0.0,0.0
BOYD BRUCE,RV4,{'Substantial': 1},0.0,0.0,0.0
BRISTELL,E-LSA,{'Substantial': 1},0.0,0.0,1.0
BRITTEN-NORMAN,BN-2A,{'Substantial': 1},4.0,0.0,1.0
BURTON,CALIDUS,{'Substantial': 1},0.0,1.0,1.0
Bacon,QUESTAIR-VENTURE,{'Destroyed': 1},2.0,0.0,0.0
Balloon Works,AX-8B,{'Substantial': 1},0.0,1.0,2.0
Balloon Works,AX9,{'Substantial': 1},0.0,0.0,5.0
Balloon Works,BARNES FF-8-24,{'Minor': 1},0.0,1.0,0.0
Balloon Works,FIRE FLY 7,{'Substantial': 1},0.0,1.0,2.0
Balloon Works,FIREFLY 7,"{'Destroyed': 1, 'Substantial': 1}",0.0,1.5,0.0
Balloon Works,FIREFLY 7B,{'Destroyed': 1},1.0,1.0,1.0
Balloon Works,FIREFLY 8-24,{'Substantial': 1},0.0,1.0,3.0
"Beasley, Gerald L.",VARIEZE,{'Destroyed': 1},0.0,1.0,0.0
Bede Aircraft,BD-10,{'Substantial': 1},0.0,0.0,0.0
Beech,100,"{'Substantial': 1, 'Destroyed': 1}",0.0,1.0,0.0
Beech,200,"{'Substantial': 6, 'Destroyed': 5, 'Minor': 1}",2.0833333333333335,0.08333333333333333,0.08333333333333333
Beech,2000 (STARSHIP),{'Substantial': 1},0.0,0.0,0.0
Beech,23,{'Destroyed': 1},3.0,0.0,0.0
Beech,23-C23,{'Substantial': 1},0.0,0.0,0.0
Beech,35,"{'Substantial': 4, 'Destroyed': 3}",0.2857142857142857,0.42857142857142855,0.0
Beech,35-A33,{'Substantial': 1},0.0,0.0,2.0
Beech,35-B33,"{'Substantial': 2, 'Destroyed': 2}",1.0,0.5,0.25
Beech,35-C33,"{'Substantial': 2, 'Destroyed': 1}",1.0,0.0,0.0
Beech,35-C33A,"{'Destroyed': 1, 'Substantial': 1}",1.0,0.0,0.0
Beech,35R,{'Substantial': 1},0.0,0.0,0.0
Beech,36,{'Substantial': 2},0.0,0.5,0.0
Beech,400,{'Substantial': 3},0.0,0.0,0.0
Beech,50,{'Substantial': 1},0.0,0.0,0.0
Beech,55,"{'Substantial': 3, 'Destroyed': 1}",0.5,0.0,0.0
Beech,55B,{'Substantial': 1},0.0,0.0,0.0
Beech,58,"{'Substantial': 17, 'Destroyed': 11, 'Minor': 1}",0.9655172413793104,0.1724137931034483,0.0
Beech,58 E,{'Substantial': 1},0.0,0.0,0.0
Beech,58P,"{'Substantial': 8, 'Destroyed': 7}",0.9333333333333333,0.26666666666666666,0.4
Beech,58TC,"{'Substantial': 1, 'Destroyed': 1}",1.5,0.0,0.0
Beech,60,"{'Destroyed': 3, 'Substantial': 2}",0.6,0.4,0.2
Beech,65-90,{'Substantial': 2},0.0,1.0,0.0
Beech,65-A90,"{'Substantial': 3, 'Destroyed': 1}",0.0,0.0,0.25
Beech,70,{'Destroyed': 1},6.0,0.0,0.0
Beech,76,{'Substantial': 1},0.0,0.0,0.0
Beech,77,{'Substantial': 2},0.0,0.0,0.5
Beech,95-55,"{'Substantial': 1, 'Destroyed': 1}",0.5,0.5,1.0
Beech,95-A55,"{'Substantial': 3, 'Destroyed': 2}",0.4,0.0,0.2
Beech,95-B55,"{'Substantial': 10, 'Destroyed': 6, 'Minor': 1}",0.8235294117647058,0.058823529411764705,0.0
Beech,95-B55B,{'Substantial': 1},0.0,0.0,0.0
Beech,95-C55,"{'Substantial': 4, 'Destroyed': 3, 'Minor': 1}",0.625,0.25,0.375
Beech,99,{'Substantial': 1},0.0,0.0,0.0
Beech,A-36,"{'Substantial': 7, 'Destroyed': 3, 'Minor': 1}",0.5454545454545454,0.45454545454545453,0.6363636363636364
Beech,A100,"{'Destroyed': 2, 'Substantial': 1}",0.3333333333333333,0.3333333333333333,0.3333333333333333
Beech,A23,{'Substantial': 1},0.0,0.0,0.0
Beech,A23-24,{'Substantial': 1},0.0,0.0,0.0
Beech,A23A,{'Substantial': 1},0.0,0.0,0.0
Beech,A24R,{'Substantial': 1},0.0,0.0,0.0
Beech,A33 A,{'Substantial': 1},0.0,0.0,0.0
Beech,A36,"{'Substantial': 34, 'Destroyed': 17}",0.6862745098039216,0.39215686274509803,0.23529411764705882
Beech,A36-TC,{'Substantial': 1},0.0,0.0,0.0
Beech,A36TC,"{'Substantial': 4, 'Destroyed': 4, 'Minor': 1}",0.7777777777777778,0.1111111111111111,0.6666666666666666
Beech,A45,{'Destroyed': 2},2.0,0.0,0.0
Beech,A56TC,{'Substantial': 1},0.0,0.0,0.0
Beech,A60,"{'Substantial': 1, 'Destroyed': 1}",1.5,0.0,0.0
Beech,A65,{'Substantial': 1},0.0,0.0,1.0
Beech,A80,{'Destroyed': 1},0.0,0.0,0.0
Beech,A90,{'Destroyed': 1},14.0,0.0,0.0
Beech,B 55,{'Destroyed': 1},2.0,0.0,0.0
Beech,B-55,{'Substantial': 1},0.0,0.0,0.0
Beech,B-58,{'Substantial': 1},0.0,0.0,0.0
Beech,B-60,"{'Substantial': 5, 'Destroyed': 2}",0.0,0.42857142857142855,0.14285714285714285
Beech,B-80,{'Substantial': 1},0.0,0.0,0.0
Beech,B100,"{'Destroyed': 2, 'Substantial': 2}",1.0,0.0,0.0
Beech,B19,{'Substantial': 2},0.0,0.0,0.0
Beech,B200,"{'Substantial': 2, 'Destroyed': 1, 'Minor': 1}",0.0,0.0,0.25
Beech,B23,{'Substantial': 1},0.0,0.0,0.0
Beech,B300,{'Substantial': 1},0.0,0.0,0.0
Beech,B33,{'Destroyed': 2},1.0,0.5,0.5
Beech,B35,{'Destroyed': 1},3.0,1.0,0.0
Beech,B35D,{'Destroyed': 1},3.0,0.0,0.0
Beech,B36TC,"{'Substantial': 3, 'Destroyed': 1}",0.5,0.5,0.25
Beech,B55,"{'Substantial': 2, 'Destroyed': 1}",0.3333333333333333,0.0,0.0
Beech,B55B,{'Substantial': 1},0.0,0.0,0.0
Beech,B58,{'Substantial': 1},0.0,0.0,0.0
Beech,B95,{'Destroyed': 2},2.0,0.0,0.0
Beech,BARON 58,{'Substantial': 1},0.0,0.0,0.0
Beech,BE 58,"{'Substantial': 1, 'Destroyed': 1}",3.0,0.0,0.0
Beech,BE-100,{'Substantial': 1},0.0,0.0,0.0
Beech,BE-18D,{'Destroyed': 1},0.0,0.0,0.0
Beech,BE-200,"{'Substantial': 3, 'Destroyed': 1}",1.0,0.25,1.25
Beech,BE-23,{'Destroyed': 1},1.0,0.0,0.0
Beech,BE-23-A24R,{'Substantial': 1},0.0,0.0,0.0
Beech,BE-23-B24R,{'Substantial': 1},0.0,0.0,0.0
Beech,BE-24R,{'Substantial': 1},0.0,0.0,0.0
Beech,BE-35,{'Substantial': 1},0.0,0.0,0.0
Beech,BE-36,{'Destroyed': 1},2.0,0.0,0.0
Beech,BE-36-TC,{'Destroyed': 1},2.0,0.0,1.0
Beech,BE-55,{'Destroyed': 1},2.0,1.0,0.0
Beech,BE-55E,{'Substantial': 1},0.0,0.0,0.0
Beech,BE-58,"{'Substantial': 2, 'Destroyed': 1}",1.3333333333333333,0.0,0.0
Beech,BE-60,{'Substantial': 2},2.0,0.0,0.0
Beech,BE-65-A90,{'Destroyed': 1},4.0,0.0,0.0
Beech,BE-76,{'Substantial': 1},0.0,0.0,2.0
Beech,BE-90,{'Substantial': 2},0.0,0.0,0.0
Beech,BE-95-B55,{'Substantial': 1},1.0,0.0,0.0
Beech,BE-95-C55,{'Destroyed': 1},1.0,0.0,0.0
Beech,BE-F90,{'Substantial': 1},0.0,0.0,0.0
Beech,BE200,{'Minor': 1},0.0,0.0,0.0
Beech,BE35G,{'Destroyed': 1},1.0,0.0,0.0
Beech,BE58P,{'Destroyed': 1},3.0,0.0,0.0
Beech,BE60,"{'Substantial': 1, 'Destroyed': 1}",1.0,0.0,0.0
Beech,BE65,{'Substantial': 1},0.0,0.0,0.0
Beech,C-23,{'Substantial': 1},0.0,0.0,0.0
Beech,C-24R,{'Substantial': 1},0.0,0.0,0.0
Beech,C-45H,{'Substantial': 2},0.0,0.0,0.0
Beech,C-50,{'Substantial': 1},0.0,0.0,1.0
Beech,C-55,{'Destroyed': 1},1.0,0.0,0.0
Beech,C18S,{'Destroyed': 1},1.0,0.0,0.0
Beech,C23,"{'Destroyed': 6, 'Substantial': 3}",0.4444444444444444,0.4444444444444444,0.4444444444444444
Beech,C24R,"{'Substantial': 3, 'Destroyed': 1}",0.0,0.75,0.0
Beech,C33,{'Destroyed': 1},0.0,0.0,0.0
Beech,C35,"{'Substantial': 1, 'Destroyed': 1}",0.5,0.5,0.0
Beech,C90,"{'Minor': 1, 'Destroyed': 1, 'Substantial': 1}",1.3333333333333333,0.3333333333333333,0.0
Beech,C90A,"{'Substantial': 2, 'Minor': 1}",0.0,0.0,0.6666666666666666
Beech,D-18S,{'Substantial': 1},0.0,0.0,0.0
Beech,D-35,{'Destroyed': 1},1.0,0.0,0.0
Beech,D-55,"{'Destroyed': 1, 'Substantial': 1}",0.5,0.5,0.0
Beech,D18S,"{'Substantial': 3, 'Destroyed': 2}",0.2,0.0,0.2
Beech,D35,{'Substantial': 2},0.0,0.0,1.5
Beech,D45(T-34),{'Substantial': 1},0.0,0.0,0.0
Beech,D55,"{'Destroyed': 4, 'Substantial': 2}",0.8333333333333334,0.0,0.0
Beech,D95A,{'Destroyed': 1},1.0,0.0,0.0
Beech,E-90,{'Substantial': 1},0.0,0.0,8.0
Beech,E18-S,{'Substantial': 1},0.0,0.0,0.0
Beech,E18S,{'Substantial': 1},0.0,0.0,0.0
Beech,E33,{'Substantial': 1},0.0,0.0,0.0
Beech,E55,{'Destroyed': 2},1.5,0.0,0.0
Beech,F33A,"{'Substantial': 8, 'Destroyed': 3}",0.6363636363636364,0.36363636363636365,0.36363636363636365
Beech,F35,{'Substantial': 3},0.0,0.0,0.0
Beech,F90,{'Substantial': 1},0.0,0.0,0.0
Beech,F90-42,{'Destroyed': 1},4.0,0.0,0.0
Beech,G18S,{'Destroyed': 1},0.0,0.0,1.0
Beech,G35,{'Destroyed': 1},2.0,0.0,0.0
Beech,G90,{'Destroyed': 1},2.0,0.0,0.0
Beech,H-35,{'Destroyed': 1},2.0,0.0,0.0
Beech,H35,"{'Destroyed': 1, 'Substantial': 1}",1.5,0.0,0.0
Beech,J35,{'Substantial': 1},0.0,0.0,0.0
Beech,K35,{'Substantial': 3},0.0,0.0,0.0
Beech,M-35,{'Destroyed': 1},3.0,0.0,0.0
Beech,M35,{'Substantial': 5},0.0,0.0,0.4
Beech,N35,"{'Destroyed': 1, 'Substantial': 1}",1.0,0.0,0.0
Beech,P-35,{'Substantial': 1},0.0,0.0,0.0
Beech,P35,"{'Substantial': 3, 'Destroyed': 1}",0.75,0.25,0.25
Beech,QU-22A 1074,{'Destroyed': 1},1.0,0.0,0.0
Beech,S-35,{'Destroyed': 1},0.0,0.0,0.0
Beech,S35,"{'Substantial': 3, 'Destroyed': 2}",0.6,0.0,0.0
Beech,V-35B,"{'Destroyed': 2, 'Substantial': 1}",0.6666666666666666,0.3333333333333333,0.3333333333333333
Beech,V35,"{'Substantial': 1, 'Destroyed': 1}",0.0,0.0,0.5
Beech,V35-B,{'Destroyed': 1},1.0,0.0,0.0
Beech,V35A,{'Destroyed': 3},0.0,0.6666666666666666,0.6666666666666666
Beech,V35B,"{'Substantial': 8, 'Destroyed': 7}",0.8666666666666667,0.13333333333333333,0.0
Beech,V35TC,{'Destroyed': 2},1.0,0.0,0.0
Bell,205A-1,{'Destroyed': 1},1.0,1.0,0.0
Bell,206,"{'Destroyed': 1, 'Substantial': 1}",1.0,0.0,0.0
Bell,206-B,{'Destroyed': 2},1.0,0.5,1.0
Bell,206-L4,{'Substantial': 1},0.0,0.0,1.0
Bell,206A,"{'Substantial': 2, 'Minor': 1}",0.0,0.0,1.6666666666666667
Bell,206B,"{'Substantial': 27, 'Destroyed': 13}",0.5,0.3,0.425
Bell,206B III,{'Substantial': 1},0.0,0.0,0.0
Bell,206B-3,{'Substantial': 1},0.0,0.0,0.0
Bell,206B-III,{'Substantial': 1},0.0,0.0,4.0
Bell,206B3,{'Substantial': 3},0.0,0.6666666666666666,0.6666666666666666
Bell,206BII,{'Substantial': 3},0.0,0.0,0.0
Bell,206BIII,{'Substantial': 1},0.0,1.0,1.0
Bell,206L,"{'Substantial': 5, 'Destroyed': 1}",0.3333333333333333,0.0,0.0
Bell,206L 1,{'Substantial': 1},0.0,0.0,0.0
Bell,206L-1,"{'Substantial': 9, 'Destroyed': 3, 'Minor': 1}",0.5384615384615384,0.5384615384615384,0.6923076923076923
Bell,206L-3,"{'Substantial': 4, 'Destroyed': 2}",0.3333333333333333,0.3333333333333333,0.3333333333333333
Bell,206L3,{'Substantial': 1},0.0,0.0,0.0
Bell,206L4,{'Substantial': 1},0.0,0.0,0.0
Bell,212,{'Destroyed': 2},5.0,0.0,0.0
Bell,214B,{'Destroyed': 1},2.0,0.0,0.0
Bell,214B-1,{'Destroyed': 1},2.0,0.0,0.0
Bell,222,{'Destroyed': 2},1.5,0.5,2.0
Bell,222-UT,{'Substantial': 1},0.0,0.0,0.0
Bell,222A,{'Substantial': 1},0.0,0.0,0.0
Bell,222U,{'Substantial': 1},0.0,0.0,0.0
Bell,407,{'Substantial': 1},2.0,1.0,0.0
Bell,412,{'Minor': 1},1.0,0.0,0.0
Bell,47,{'Substantial': 2},0.0,0.0,1.0
Bell,47-2A-1,{'Substantial': 1},0.0,0.0,0.0
Bell,47-G4A,{'Destroyed': 1},1.0,0.0,0.0
Bell,47B3,{'Destroyed': 1},0.0,0.0,0.0
Bell,47D-1,{'Substantial': 1},0.0,0.0,0.0
Bell,47D1,{'Substantial': 3},0.0,0.0,0.6666666666666666
Bell,47G,"{'Substantial': 2, 'Destroyed': 1}",0.6666666666666666,0.0,0.0
Bell,47G-2,{'Substantial': 4},0.0,0.5,0.75
Bell,47G-2A,"{'Substantial': 2, 'Minor': 1}",0.0,0.0,0.3333333333333333
Bell,47G-3B-1,{'Substantial': 1},0.0,1.0,0.0
Bell,47G-3B-2,{'Substantial': 1},0.0,0.0,2.0
Bell,47G-3B1,"{'Destroyed': 1, 'Substantial': 1}",0.0,0.0,0.0
Bell,47G-5A,{'Substantial': 1},0.0,0.0,0.0
Bell,47G2,"{'Substantial': 2, 'Destroyed': 2}",0.25,1.0,0.75
Bell,47G3B-1,{'Destroyed': 1},0.0,0.0,0.0
Bell,47G3B2A,{'Destroyed': 1},0.0,0.0,2.0
Bell,47G4,{'Destroyed': 1},0.0,1.0,0.0
Bell,47G4A,{'Destroyed': 1},0.0,0.0,1.0
Bell,47J-2A,{'Substantial': 1},0.0,0.0,0.0
Bell,47J2,{'Destroyed': 1},0.0,1.0,0.0
Bell,B-3,{'Substantial': 1},0.0,0.0,0.0
Bell,B-47G2A,{'Destroyed': 1},0.0,0.0,0.0
Bell,B206BII,{'Substantial': 1},0.0,0.0,0.0
Bell,B47G-5,{'Substantial': 1},0.0,0.0,0.0
Bell,BH 206-L111,{'Substantial': 1},0.0,0.0,0.0
Bell,BH-206-B,{'Substantial': 1},0.0,0.0,0.0
Bell,BH-206B,{'Substantial': 1},0.0,2.0,3.0
Bell,BH-47G,{'Substantial': 1},0.0,0.0,3.0
Bell,BH206L-1,{'Substantial': 1},0.0,0.0,5.0
Bell,TH-1F,{'Substantial': 1},0.0,0.0,0.0
Bell,TH-1L,{'Substantial': 1},0.0,0.0,1.0
Bell,TH13T,{'Substantial': 1},0.0,0.0,0.0
Bell,UH-1B,"{'Substantial': 4, 'Destroyed': 1}",1.6,0.0,0.6
Bell,UH-1H,{'Substantial': 1},0.0,1.0,1.0
Bellanca,14-19-3,"{'Substantial': 2, 'Destroyed': 1}",0.6666666666666666,0.6666666666666666,0.0
Bellanca,14-19-3A,{'Destroyed': 1},4.0,0.0,0.0
Bellanca,17-30,"{'Substantial': 3, 'Destroyed': 1}",0.5,1.0,0.5
Bellanca,17-30A,"{'Substantial': 10, 'Destroyed': 5}",0.4666666666666667,0.2,0.3333333333333333
Bellanca,17-31A,"{'Substantial': 2, 'Destroyed': 1}",0.6666666666666666,0.3333333333333333,0.3333333333333333
Bellanca,17-31ATC,{'Substantial': 4},0.0,0.5,0.0
Bellanca,7 GCBC,{'Substantial': 1},0.0,0.0,1.0
Bellanca,7ECA,{'Destroyed': 2},1.5,0.5,0.0
Bellanca,7GCBC,{'Substantial': 7},0.0,0.0,0.0
Bellanca,7GCBG,{'Substantial': 1},0.0,1.0,0.0
Bellanca,7KCAB,{'Substantial': 1},0.0,0.0,0.0
Bellanca,8GCBC,"{'Substantial': 7, 'Destroyed': 2}",0.1111111111111111,0.2222222222222222,0.2222222222222222
Bellanca,8KCAB,{'Substantial': 2},0.0,0.0,0.0
Bereznak,Lancair Legacy,{'Destroyed': 1},0.0,1.0,0.0
Birx,VANS RV-6,{'Destroyed': 1},2.0,0.0,0.0
Boeing,707-312B,{'Destroyed': 1},0.0,0.0,10.0
Boeing,727-22C,{'Minor': 1},0.0,0.0,0.0
Boeing,A 75N1,{'Substantial': 1},0.0,0.0,0.0
Boeing,A75,{'Destroyed': 1},0.0,0.0,0.0
Boeing,A75N1,{'Substantial': 4},0.0,0.5,0.5
Boeing,A75N1 (PT17),{'Substantial': 1},0.0,0.0,1.0
Boeing,B-17G,{'Substantial': 1},0.0,0.0,0.0
Boeing,DHC-6-300,{'Substantial': 1},0.0,0.0,0.0
Brantly,B-2B,{'Destroyed': 1},0.0,0.0,0.0
British Aerospace,BA-3101,{'Substantial': 1},0.0,0.0,0.0
British Aerospace,HS 125-700A,{'Substantial': 1},0.0,0.0,0.0
British Aerospace,HS.125-700A,{'Substantial': 1},0.0,0.0,0.0
Britten-norman,BN-2A-8,{'Substantial': 1},2.0,1.0,0.0
CAMERON BALLOONS,Z-90,{'Substantial': 1},0.0,0.0,3.0
CAMERON BALLOONS US,O-120,{'Destroyed': 1},5.0,0.0,0.0
CAMERON BALLOONS US,Z-150,{'Substantial': 1},0.0,5.0,1.0
CESSNA,152,{'Destroyed': 1},2.0,0.0,0.0
CESSNA,170,{'Substantial': 1},0.0,0.0,0.0
CESSNA,170A,{'Substantial': 1},0.0,0.0,0.0
CESSNA,172,{'Substantial': 1},0.0,0.0,2.0
CESSNA,172M,{'Substantial': 1},0.0,0.0,0.0
CESSNA,172N,{'Substantial': 1},0.0,2.0,1.0
CESSNA,172P,{'Substantial': 1},0.0,0.0,0.0
CESSNA,172R,{'Substantial': 1},4.0,0.0,0.0
CESSNA,172S,{'Substantial': 2},0.0,0.5,1.0
CESSNA,175,{'Substantial': 1},0.0,0.0,0.0
CESSNA,177,{'Substantial': 1},1.0,0.0,0.0
CESSNA,177B,{'Substantial': 1},0.0,0.0,0.0
CESSNA,177RG,{'Substantial': 1},1.0,0.0,0.0
CESSNA,180,"{'Substantial': 1, 'Unknown': 1}",0.0,0.0,0.0
CESSNA,180 - B,{'Substantial': 1},0.0,0.0,0.0
CESSNA,180A,{'Substantial': 1},0.0,0.0,0.0
CESSNA,180E,{'Substantial': 1},0.0,0.0,0.0
CESSNA,182A,{'Substantial': 1},0.0,0.0,0.0
CESSNA,182C,{'Substantial': 2},0.5,0.0,0.5
CESSNA,182F,{'Substantial': 2},1.0,0.0,0.0
CESSNA,182P,{'Substantial': 1},0.0,1.0,0.0
CESSNA,182T,{'Substantial': 2},0.5,0.0,0.5
CESSNA,185,{'Substantial': 2},1.0,0.0,0.0
CESSNA,185E,{'Substantial': 1},0.0,0.0,0.0
CESSNA,205,{'Substantial': 1},2.0,0.0,0.0
CESSNA,207,"{'Unknown': 1, 'Substantial': 1}",0.0,0.0,0.0
CESSNA,207A,{'Substantial': 2},0.0,0.0,0.0
CESSNA,208,{'Substantial': 1},0.0,1.0,0.0
CESSNA,208B,{'Substantial': 5},0.0,0.0,0.0
CESSNA,210,{'Substantial': 2},0.0,0.0,0.0
CESSNA,210L,{'Substantial': 1},0.0,3.0,0.0
CESSNA,210N,{'Substantial': 1},0.0,0.0,0.0
CESSNA,305F,{'Substantial': 1},0.0,0.0,0.0
CESSNA,310,{'Destroyed': 1},5.0,0.0,0.0
CESSNA,310R,{'Substantial': 1},0.0,0.0,0.0
CESSNA,340,"{'Destroyed': 1, 'Substantial': 1}",1.5,0.0,0.5
CESSNA,340A,"{'Substantial': 2, 'Destroyed': 1}",2.3333333333333335,0.0,0.0
CESSNA,401A,{'Substantial': 1},0.0,0.0,3.0
CESSNA,414,{'Substantial': 2},0.0,2.5,0.0
CESSNA,414A,{'Substantial': 1},0.0,0.0,0.0
CESSNA,421,"{'Destroyed': 2, 'Minor': 1, 'Substantial': 1}",2.0,0.0,0.0
CESSNA,421 - C,{'Destroyed': 1},4.0,0.0,0.0
CESSNA,421A,{'Substantial': 1},0.0,0.0,0.0
CESSNA,421B,"{'Substantial': 3, 'Destroyed': 1}",0.5,0.5,0.5
CESSNA,421C,"{'Substantial': 2, 'Destroyed': 1}",0.6666666666666666,0.0,0.0
CESSNA,425,{'Substantial': 2},0.0,2.0,1.5
CESSNA,441,"{'Substantial': 1, 'Destroyed': 1}",1.5,0.0,0.0
CESSNA,500,{'Destroyed': 2},1.5,0.0,0.0
CESSNA,525,{'Substantial': 3},0.0,0.0,0.0
CESSNA,525A,{'Substantial': 1},0.0,0.0,0.0
CESSNA,525B,{'Destroyed': 1},0.0,0.0,0.0
CESSNA,550,"{'Minor': 1, 'Unknown': 1}",0.0,0.0,0.0
CESSNA,551,{'Substantial': 1},0.0,1.0,0.0
CESSNA,560 - XL,{'Minor': 1},0.0,0.0,0.0
CESSNA,560XL,{'Substantial': 1},0.0,0.0,0.0
CESSNA,680,{'Substantial': 1},0.0,0.0,0.0
CESSNA,750,"{'Destroyed': 1, 'Substantial': 1}",2.5,0.0,0.0
CESSNA,A185,{'Substantial': 2},0.0,0.0,0.0
CESSNA,A185F,{'Substantial': 2},0.0,0.0,0.0
CESSNA,A188B,{'Substantial': 1},0.0,0.0,0.0
CESSNA,Citation 500,{'Substantial': 1},0.0,0.0,0.0
CESSNA,P210,{'Substantial': 2},0.0,0.5,0.0
CESSNA,P210 - N,{'Substantial': 1},0.0,2.0,0.0
CESSNA,P210N,{'Substantial': 2},0.0,0.5,0.0
CESSNA,P210R,{'Substantial': 1},0.0,0.0,1.0
CESSNA,R172E,{'Substantial': 1},0.0,1.0,0.0
CESSNA,R172K,{'Substantial': 1},0.0,0.0,0.0
CESSNA,T182,{'Substantial': 2},0.0,0.0,0.0
CESSNA,T182T,{'Substantial': 1},0.0,2.0,0.0
CESSNA,T188C,{'Substantial': 1},0.0,0.0,0.0
CESSNA,T206H,{'Substantial': 3},0.0,1.3333333333333333,0.0
CESSNA,T207A,{'Substantial': 1},0.0,0.0,0.0
CESSNA,T210L,{'Substantial': 2},0.0,0.0,0.0
CESSNA,T210N,"{'Substantial': 2, 'Destroyed': 1}",0.6666666666666666,0.0,0.0
CESSNA,U206,{'Substantial': 1},0.0,0.0,0.0
CESSNA,U206F,{'Substantial': 3},0.3333333333333333,0.3333333333333333,2.6666666666666665
CESSNA,U206G,{'Substantial': 4},0.0,0.25,0.0
CHAMPION,7ECA,{'Substantial': 1},0.0,0.0,0.0
CIRRUS,SR22,{'Substantial': 2},0.0,0.0,0.0
CIRRUS DESIGN CORP,SF50,"{'Destroyed': 1, 'Substantial': 1}",0.0,0.0,0.0
CIRRUS DESIGN CORP,SR-22,{'Substantial': 1},0.0,0.0,0.0
CIRRUS DESIGN CORP,SR20,{'Substantial': 1},0.0,0.0,0.0
CIRRUS DESIGN CORP,SR22,"{'Substantial': 7, 'Destroyed': 1}",0.75,0.375,0.125
CIRRUS DESIGN CORP.,SR22,{'Substantial': 1},1.0,0.0,1.0
COLUMBIA AIRCRAFT MFG,LC41 550FG,{'Minor': 1},0.0,0.0,0.0
CURTISS WRIGHT,TRAVEL AIR 4000,{'Substantial': 1},0.0,0.0,0.0
Cameron,A 315,{'Substantial': 1},0.0,8.0,1.0
Cameron,A-140,{'Minor': 1},0.0,1.0,5.0
Cameron,ET-90,{'Substantial': 1},0.0,0.0,3.0
Cameron Balloons,N-180,{'Substantial': 1},0.0,0.0,0.0
Cameron Balloons,Shuttle 90,{'Destroyed': 1},0.0,0.0,2.0
Canadair,CL 600,{'Minor': 1},0.0,0.0,0.0
Canadair,CL 600 2A12,{'Substantial': 1},0.0,0.0,0.0
Canadair,CL-600,"{'Substantial': 2, 'Minor': 1}",0.0,0.0,0.0
Casa,2.111,{'Destroyed': 1},2.0,0.0,0.0
Cessna,120,{'Substantial': 1},0.0,0.0,0.0
Cessna,140,"{'Substantial': 2, 'Destroyed': 1}",0.6666666666666666,0.0,0.0
Cessna,150,"{'Substantial': 10, 'Destroyed': 1}",0.09090909090909091,0.09090909090909091,0.0
Cessna,150C,{'Substantial': 1},0.0,0.0,2.0
Cessna,150D,{'Destroyed': 1},1.0,0.0,0.0
Cessna,150E,{'Substantial': 1},0.0,0.0,0.0
Cessna,150F,"{'Substantial': 3, 'Destroyed': 1}",0.25,0.0,0.25
Cessna,150G,"{'Substantial': 2, 'Destroyed': 1}",0.0,0.0,0.0
Cessna,150H,"{'Destroyed': 1, 'Substantial': 1}",1.0,0.0,0.0
Cessna,150J,{'Substantial': 1},0.0,0.0,1.0
Cessna,150K,"{'Destroyed': 2, 'Substantial': 1}",0.6666666666666666,0.0,0.6666666666666666
Cessna,150L,"{'Substantial': 4, 'Destroyed': 3}",0.7142857142857143,0.14285714285714285,0.0
Cessna,150M,"{'Substantial': 4, 'Destroyed': 1}",0.0,0.2,0.4
Cessna,152,"{'Substantial': 12, 'Destroyed': 8}",0.15,0.2,0.15
Cessna,152F,{'Destroyed': 1},0.0,1.0,0.0
Cessna,170,"{'Destroyed': 1, 'Substantial': 1}",1.0,0.0,0.0
Cessna,170B,"{'Substantial': 12, 'Destroyed': 1}",0.15384615384615385,0.38461538461538464,0.15384615384615385
Cessna,172,"{'Substantial': 29, 'Destroyed': 3}",0.09375,0.0,0.28125
Cessna,172 I,{'Substantial': 1},0.0,0.0,0.0
Cessna,172 M,{'Substantial': 5},0.0,0.6,0.0
Cessna,172 N,{'Substantial': 1},0.0,0.0,0.0
Cessna,172-RG II,{'Substantial': 1},0.0,0.0,2.0
Cessna,172A,{'Substantial': 1},0.0,0.0,0.0
Cessna,172B,{'Destroyed': 2},0.5,0.5,0.0
Cessna,172D,"{'Substantial': 1, 'Destroyed': 1}",2.0,0.5,0.0
Cessna,172E,{'Substantial': 1},0.0,0.0,0.0
Cessna,172F,"{'Substantial': 2, 'Destroyed': 1}",0.0,1.3333333333333333,0.3333333333333333
Cessna,172G,"{'Substantial': 2, 'Destroyed': 1}",0.3333333333333333,0.6666666666666666,0.3333333333333333
Cessna,172H,"{'Destroyed': 3, 'Substantial': 1}",1.0,0.25,0.0
Cessna,172K,"{'Substantial': 2, 'Destroyed': 2}",1.0,0.5,0.0
Cessna,172L,{'Substantial': 1},0.0,0.0,0.0
Cessna,172M,"{'Substantial': 19, 'Destroyed': 7}",0.5384615384615384,0.23076923076923078,0.23076923076923078
Cessna,172N,"{'Substantial': 15, 'Destroyed': 12}",0.6296296296296297,0.25925925925925924,0.3333333333333333
Cessna,172P,"{'Substantial': 15, 'Destroyed': 5}",0.2,0.1,0.7
Cessna,172RG,"{'Substantial': 11, 'Destroyed': 5}",0.8125,0.0,0.0
Cessna,172S,{'Substantial': 1},0.0,0.0,0.0
Cessna,172XP,{'Substantial': 2},0.0,0.0,0.0
Cessna,175,{'Substantial': 3},0.0,0.0,0.0
Cessna,177,{'Substantial': 11},0.09090909090909091,0.18181818181818182,0.09090909090909091
Cessna,177A,{'Substantial': 2},0.0,0.0,0.0
Cessna,177B,"{'Substantial': 5, 'Destroyed': 3}",0.625,0.25,0.0
Cessna,177RG,"{'Substantial': 7, 'Destroyed': 7, 'Minor': 1}",0.6666666666666666,0.13333333333333333,0.13333333333333333
Cessna,180,"{'Substantial': 25, 'Destroyed': 3}",0.21428571428571427,0.07142857142857142,0.14285714285714285
Cessna,180A,{'Substantial': 2},0.0,0.0,0.0
Cessna,180B,"{'Substantial': 3, 'Destroyed': 1}",0.5,0.0,0.25
Cessna,180F,{'Substantial': 1},0.0,0.0,1.0
Cessna,180G,{'Destroyed': 1},2.0,0.0,0.0
Cessna,180H,{'Substantial': 1},1.0,2.0,0.0
Cessna,180J,"{'Destroyed': 2, 'Substantial': 1}",1.0,0.0,0.0
Cessna,180K,"{'Substantial': 9, 'Destroyed': 1}",0.0,0.3,0.2
Cessna,182,"{'Substantial': 28, 'Destroyed': 8}",0.2777777777777778,0.1111111111111111,0.3333333333333333
Cessna,182-C,{'Substantial': 1},0.0,0.0,0.0
Cessna,182-F,{'Destroyed': 1},4.0,0.0,0.0
Cessna,182-K,{'Substantial': 1},0.0,0.0,3.0
Cessna,182A,"{'Substantial': 7, 'Destroyed': 1}",0.0,0.25,0.75
Cessna,182C,{'Substantial': 5},0.0,0.0,0.0
Cessna,182D,{'Substantial': 1},0.0,0.0,0.0
Cessna,182E,"{'Substantial': 5, 'Destroyed': 3}",0.75,0.25,0.125
Cessna,182F,{'Substantial': 4},0.0,0.0,0.5
Cessna,182G,{'Substantial': 4},0.25,0.0,0.0
Cessna,182H,"{'Substantial': 8, 'Destroyed': 1}",0.2222222222222222,0.2222222222222222,0.7777777777777778
Cessna,182J,{'Substantial': 2},0.0,0.0,0.0
Cessna,182K,{'Substantial': 4},0.0,0.0,0.5
Cessna,182L,"{'Destroyed': 2, 'Substantial': 1}",0.0,0.6666666666666666,0.0
Cessna,182M,"{'Substantial': 5, 'Destroyed': 1}",0.0,0.0,0.0
Cessna,182N,"{'Substantial': 3, 'Destroyed': 2}",0.2,0.4,0.4
Cessna,182P,"{'Substantial': 15, 'Destroyed': 14}",0.6551724137931034,0.5172413793103449,0.27586206896551724
Cessna,182P-SYLANE,{'Substantial': 1},0.0,0.0,0.0
Cessna,182Q,"{'Substantial': 13, 'Destroyed': 5, 'Minor': 1}",0.3684210526315789,0.05263157894736842,0.42105263157894735
Cessna,182R,"{'Destroyed': 3, 'Substantial': 3}",1.5,0.0,0.16666666666666666
Cessna,182RG,"{'Substantial': 4, 'Destroyed': 2}",0.16666666666666666,0.0,0.0
Cessna,182S,{'Destroyed': 1},1.0,0.0,0.0
Cessna,182T,{'Substantial': 1},0.0,0.0,0.0
Cessna,182TR,{'Substantial': 1},0.0,0.0,0.0
Cessna,182U,{'Substantial': 1},0.0,0.0,0.0
Cessna,185,"{'Substantial': 18, 'Destroyed': 1}",0.05263157894736842,0.15789473684210525,0.2631578947368421
Cessna,185-F,{'Substantial': 1},0.0,0.0,0.0
Cessna,185A,{'Substantial': 1},0.0,0.0,0.0
Cessna,185C,{'Substantial': 2},0.0,0.0,0.0
Cessna,185E,{'Substantial': 2},0.0,0.0,0.0
Cessna,185F,"{'Substantial': 7, 'Minor': 1}",0.0,0.0,0.0
Cessna,188,{'Substantial': 2},0.0,0.0,0.0
Cessna,188B,{'Substantial': 2},0.0,0.5,0.0
Cessna,195,{'Substantial': 2},0.0,0.0,0.0
Cessna,195A,"{'Substantial': 2, 'Minor': 1}",0.0,0.0,0.0
Cessna,205,"{'Substantial': 2, 'Destroyed': 1}",1.3333333333333333,0.0,0.3333333333333333
Cessna,205A,{'Substantial': 2},0.0,0.0,0.0
Cessna,206,"{'Substantial': 19, 'Destroyed': 5}",0.4166666666666667,0.041666666666666664,0.375
Cessna,206-5,{'Destroyed': 1},0.0,0.0,0.0
Cessna,206A,{'Substantial': 2},0.0,0.0,0.0
Cessna,206F,{'Substantial': 1},0.0,0.0,0.0
Cessna,206G,{'Substantial': 3},0.0,0.0,0.3333333333333333
Cessna,206H,{'Destroyed': 1},0.0,1.0,0.0
Cessna,206U,{'Substantial': 1},0.0,0.0,0.0
Cessna,207,"{'Substantial': 7, 'Destroyed': 1}",0.625,0.875,0.375
Cessna,207A,"{'Substantial': 2, 'Destroyed': 1}",0.6666666666666666,0.0,0.3333333333333333
Cessna,208,{'Substantial': 1},0.0,0.0,0.0
Cessna,208B,"{'Destroyed': 1, 'Substantial': 1}",1.0,0.0,0.0
Cessna,210,"{'Substantial': 13, 'Destroyed': 3}",0.125,0.0625,0.8125
Cessna,210-5 (205),{'Destroyed': 1},2.0,0.0,0.0
Cessna,210A,{'Substantial': 2},0.0,0.0,0.0
Cessna,210B,{'Substantial': 1},0.0,0.0,0.0
Cessna,210C,{'Substantial': 1},0.0,0.0,0.0
Cessna,210D,"{'Substantial': 2, 'Destroyed': 1}",1.3333333333333333,0.3333333333333333,0.0
Cessna,210E,"{'Destroyed': 2, 'Substantial': 1}",1.6666666666666667,0.0,0.0
Cessna,210G,{'Substantial': 1},0.0,0.0,0.0
Cessna,210H,"{'Destroyed': 1, 'Substantial': 1}",2.0,0.0,0.5
Cessna,210K,{'Substantial': 1},0.0,0.0,1.0
Cessna,210L,"{'Substantial': 10, 'Destroyed': 3}",0.5384615384615384,0.6923076923076923,0.23076923076923078
Cessna,210M,"{'Destroyed': 6, 'Substantial': 1}",1.1428571428571428,0.42857142857142855,0.14285714285714285
Cessna,210N,"{'Substantial': 4, 'Destroyed': 2}",1.0,0.0,0.0
Cessna,210P,{'Substantial': 1},0.0,0.0,0.0
Cessna,21ON,{'Substantial': 1},0.0,1.0,2.0
Cessna,305A,"{'Destroyed': 2, 'Substantial': 2}",0.25,0.5,0.0
Cessna,31,{'Substantial': 1},0.0,0.0,0.0
Cessna,310,"{'Substantial': 4, 'Destroyed': 3}",1.1428571428571428,0.14285714285714285,0.0
Cessna,310-J,{'Substantial': 1},0.0,0.0,0.0
Cessna,310C,"{'Substantial': 3, 'Destroyed': 1}",0.0,0.0,0.5
Cessna,310D,"{'Substantial': 1, 'Destroyed': 1}",0.0,0.5,0.5
Cessna,310G,{'Substantial': 1},0.0,0.0,0.0
Cessna,310I,{'Destroyed': 2},2.0,0.0,0.0
Cessna,310J,{'Substantial': 3},0.0,0.0,0.0
Cessna,310K,{'Substantial': 3},0.0,0.0,0.0
Cessna,310L,{'Destroyed': 3},1.0,0.0,0.6666666666666666
Cessna,310N,{'Destroyed': 1},0.0,0.0,2.0
Cessna,310Q,"{'Substantial': 6, 'Destroyed': 5}",0.8181818181818182,0.09090909090909091,0.0
Cessna,310R,"{'Substantial': 5, 'Destroyed': 3}",0.25,0.25,0.5
Cessna,310R-II,{'Destroyed': 1},0.0,0.0,1.0
Cessna,320,"{'Substantial': 5, 'Destroyed': 2}",0.2857142857142857,0.14285714285714285,0.0
Cessna,320C,"{'Destroyed': 2, 'Substantial': 1}",0.6666666666666666,0.0,0.0
Cessna,320D,{'Substantial': 1},0.0,0.0,0.0
Cessna,320F,"{'Destroyed': 1, 'Substantial': 1}",1.0,1.0,0.0
Cessna,335,"{'Destroyed': 3, 'Substantial': 1}",1.25,0.0,0.5
Cessna,336,{'Substantial': 2},0.0,0.0,0.0
Cessna,337,{'Substantial': 3},0.3333333333333333,0.3333333333333333,1.0
Cessna,337A,{'Substantial': 1},0.0,0.0,2.0
Cessna,337C,{'Substantial': 1},0.0,0.0,0.0
Cessna,337D,"{'Destroyed': 2, 'Substantial': 1}",1.3333333333333333,0.0,0.3333333333333333
Cessna,337E,{'Substantial': 1},0.0,0.0,1.0
Cessna,337F,{'Substantial': 1},0.0,0.0,0.0
Cessna,337G,{'Substantial': 2},0.0,0.0,0.0
Cessna,340,"{'Substantial': 7, 'Destroyed': 4}",1.0909090909090908,0.0,0.0
Cessna,340A,"{'Destroyed': 12, 'Substantial': 6}",1.5555555555555556,0.1111111111111111,0.0
Cessna,340R,{'Substantial': 1},0.0,0.0,0.0
Cessna,401,"{'Substantial': 3, 'Minor': 1, 'Destroyed': 1}",0.6,0.0,0.0
Cessna,401A,{'Substantial': 1},0.0,0.0,0.0
Cessna,401B,"{'Substantial': 1, 'Destroyed': 1}",0.0,1.0,1.5
Cessna,402,"{'Destroyed': 3, 'Substantial': 1}",3.0,0.0,0.0
Cessna,402A,{'Substantial': 2},0.0,0.0,0.0
Cessna,402B,"{'Substantial': 4, 'Destroyed': 2}",1.5,0.0,0.0
Cessna,402C,"{'Destroyed': 1, 'Substantial': 1}",1.0,0.0,0.0
Cessna,411,{'Substantial': 2},0.0,0.0,0.0
Cessna,411A,{'Destroyed': 1},6.0,0.0,0.0
Cessna,414,"{'Destroyed': 9, 'Substantial': 5}",2.0714285714285716,0.5,0.35714285714285715
Cessna,414-8,{'Destroyed': 1},0.0,3.0,0.0
Cessna,414A,"{'Destroyed': 4, 'Minor': 2, 'Substantial': 2}",1.625,0.125,0.0
Cessna,421,"{'Substantial': 6, 'Destroyed': 4}",1.7,0.2,0.0
Cessna,421A,"{'Destroyed': 5, 'Substantial': 1}",2.0,0.6666666666666666,0.6666666666666666
Cessna,421B,"{'Substantial': 9, 'Destroyed': 9, 'Minor': 2}",1.15,0.05,0.05
Cessna,421C,"{'Substantial': 11, 'Destroyed': 5, 'Minor': 1}",0.5294117647058824,0.17647058823529413,0.11764705882352941
Cessna,425,"{'Destroyed': 5, 'Substantial': 5}",1.2,0.2,0.2
Cessna,441,"{'Destroyed': 5, 'Substantial': 5}",1.1,0.3,0.1
Cessna,500,"{'Substantial': 3, 'Destroyed': 1}",0.0,0.25,0.5
Cessna,501,"{'Substantial': 3, 'Destroyed': 1}",0.25,0.0,0.0
Cessna,525,"{'Destroyed': 3, 'Minor': 1, 'Substantial': 1}",2.8,0.0,0.0
Cessna,525A,{'Substantial': 4},0.0,0.5,0.75
Cessna,525B,{'Substantial': 1},0.0,0.0,0.0
Cessna,550,"{'Substantial': 5, 'Destroyed': 2, 'Minor': 1}",0.25,1.125,0.125
Cessna,551,"{'Destroyed': 1, 'Minor': 1}",1.5,0.0,0.0
Cessna,560,"{'Destroyed': 1, 'Minor': 1}",1.0,0.5,0.5
Cessna,750,{'Substantial': 1},0.0,0.0,0.0
Cessna,A185,{'Substantial': 1},0.0,0.0,0.0
Cessna,A185E,"{'Substantial': 4, 'Destroyed': 1}",0.8,0.0,0.2
Cessna,A185F,"{'Substantial': 21, 'Destroyed': 7}",0.4642857142857143,0.10714285714285714,0.14285714285714285
Cessna,A185F-II,{'Substantial': 1},0.0,0.0,0.0
Cessna,A188B,{'Substantial': 3},0.0,0.3333333333333333,0.0
Cessna,C-150L,{'Substantial': 1},0.0,0.0,0.0
Cessna,C-152,{'Destroyed': 1},0.0,0.0,2.0
Cessna,C-172,{'Destroyed': 1},1.0,0.0,0.0
Cessna,C-172M,{'Substantial': 1},0.0,0.0,0.0
Cessna,C-177RG,{'Substantial': 1},0.0,0.0,0.0
Cessna,C-180-H,{'Substantial': 1},0.0,0.0,0.0
Cessna,C-185-D,{'Substantial': 1},0.0,2.0,0.0
Cessna,C-185F,{'Substantial': 1},0.0,0.0,0.0
Cessna,C-188,{'Substantial': 1},0.0,0.0,0.0
Cessna,C-206,{'Substantial': 1},0.0,0.0,0.0
Cessna,C-207,{'Substantial': 1},0.0,0.0,0.0
Cessna,C-377A,{'Destroyed': 1},3.0,0.0,0.0
Cessna,C-425,{'Substantial': 1},0.0,0.0,0.0
Cessna,C180A,{'Substantial': 1},0.0,0.0,0.0
Cessna,C208B,{'Substantial': 1},0.0,0.0,0.0
Cessna,CE-500,{'Substantial': 1},0.0,0.0,2.0
Cessna,CJ525,{'Substantial': 1},0.0,0.0,0.0
Cessna,L-19E,{'Destroyed': 1},2.0,0.0,0.0
Cessna,O337F,{'Substantial': 1},0.0,0.0,0.0
Cessna,P-206C,{'Destroyed': 1},3.0,0.0,0.0
Cessna,P-210,{'Substantial': 1},0.0,0.0,0.0
Cessna,P-210N,{'Substantial': 1},0.0,0.0,1.0
Cessna,P206,"{'Destroyed': 2, 'Substantial': 1}",2.6666666666666665,0.0,0.0
Cessna,P206 S/N P206-0009,{'Destroyed': 1},6.0,0.0,0.0
Cessna,P206A,{'Substantial': 1},0.0,0.0,0.0
Cessna,P206B,{'Destroyed': 1},1.0,0.0,1.0
Cessna,P206C,"{'Substantial': 1, 'Destroyed': 1}",2.5,1.5,0.0
Cessna,P210,"{'Substantial': 3, 'Destroyed': 1}",0.0,0.25,0.0
Cessna,P210N,"{'Substantial': 22, 'Destroyed': 7}",0.5862068965517241,0.13793103448275862,0.3448275862068966
Cessna,P210R,"{'Destroyed': 4, 'Substantial': 1}",1.2,0.2,0.0
Cessna,P337H,{'Destroyed': 1},1.0,0.0,0.0
Cessna,R172E,"{'Substantial': 1, 'Destroyed': 1}",1.0,0.0,0.0
Cessna,R172K,"{'Destroyed': 3, 'Substantial': 1}",1.5,0.0,0.0
Cessna,R182,"{'Substantial': 7, 'Destroyed': 2}",0.1111111111111111,0.2222222222222222,0.2222222222222222
Cessna,S550,{'Minor': 2},0.0,0.0,0.0
Cessna,T-207A,{'Substantial': 2},0.0,0.0,0.0
Cessna,T-210,{'Substantial': 1},0.0,0.0,1.0
Cessna,T-210G,{'Destroyed': 1},1.0,0.0,0.0
Cessna,T-210L,{'Destroyed': 1},1.0,0.0,0.0
Cessna,T-210N,"{'Substantial': 2, 'Destroyed': 1}",0.0,0.3333333333333333,1.0
Cessna,T-337G-P,{'Substantial': 1},0.0,0.0,0.0
Cessna,T182RG,{'Substantial': 2},0.0,0.0,0.0
Cessna,T182T,{'Substantial': 1},0.0,0.0,0.0
Cessna,T206,{'Substantial': 1},0.0,0.0,0.0
Cessna,T206H,{'Substantial': 2},0.0,0.0,0.0
Cessna,T207 A,{'Destroyed': 1},2.0,0.0,0.0
Cessna,T210,{'Substantial': 2},0.0,1.0,0.5
Cessna,T210-H,{'Substantial': 1},0.0,0.0,0.0
Cessna,T210C,{'Substantial': 1},0.0,0.0,0.0
Cessna,T210F,"{'Destroyed': 2, 'Substantial': 1}",0.6666666666666666,0.3333333333333333,0.0
Cessna,T210H,"{'Destroyed': 1, 'Substantial': 1}",0.0,0.0,2.5
Cessna,T210J,"{'Destroyed': 1, 'Substantial': 1}",1.0,0.0,0.5
Cessna,T210K,{'Substantial': 2},0.0,0.0,0.0
Cessna,T210L,"{'Substantial': 10, 'Destroyed': 4}",0.5,0.14285714285714285,0.14285714285714285
Cessna,T210M,"{'Substantial': 10, 'Destroyed': 9}",0.8421052631578947,0.0,0.15789473684210525
Cessna,T210N,"{'Substantial': 35, 'Destroyed': 15}",0.46,0.22,0.42
Cessna,T210NII,{'Substantial': 1},0.0,0.0,0.0
Cessna,T210R,"{'Destroyed': 1, 'Minor': 1}",0.5,0.5,0.5
Cessna,T303,"{'Substantial': 3, 'Destroyed': 2}",1.4,0.0,0.0
Cessna,T310,{'Substantial': 1},0.0,0.0,0.0
Cessna,T310Q,{'Substantial': 1},0.0,0.0,0.0
Cessna,T310R,"{'Destroyed': 3, 'Substantial': 3}",0.6666666666666666,0.0,0.0
Cessna,T337C,{'Substantial': 1},0.0,0.0,0.0
Cessna,T337E,{'Substantial': 1},0.0,0.0,2.0
Cessna,T337G,"{'Substantial': 1, 'Destroyed': 1}",2.0,0.0,0.0
Cessna,TR 182,{'Substantial': 1},0.0,0.0,0.0
Cessna,TR182,"{'Destroyed': 6, 'Substantial': 5}",0.9090909090909091,0.0,0.18181818181818182
Cessna,TR182RG,{'Destroyed': 1},1.0,0.0,0.0
Cessna,TU-206G,{'Substantial': 3},0.0,0.0,1.0
Cessna,TU206,"{'Destroyed': 2, 'Substantial': 1}",0.0,0.0,0.6666666666666666
Cessna,TU206A,{'Substantial': 1},0.0,0.0,0.0
Cessna,TU206B,{'Substantial': 1},0.0,0.0,2.0
Cessna,TU206D,{'Destroyed': 1},0.0,1.0,0.0
Cessna,TU206F,{'Substantial': 1},0.0,0.0,0.0
Cessna,TU206G,"{'Substantial': 5, 'Destroyed': 3}",1.25,0.0,0.25
Cessna,U-206,"{'Substantial': 1, 'Minor': 1}",0.0,0.0,0.0
Cessna,U206,"{'Substantial': 3, 'Destroyed': 3}",1.0,0.0,0.16666666666666666
Cessna,U206-C,{'Substantial': 1},0.0,0.0,0.0
Cessna,U206B,{'Substantial': 2},0.5,0.0,2.0
Cessna,U206C,{'Destroyed': 1},1.0,0.0,0.0
Cessna,U206F,"{'Substantial': 7, 'Destroyed': 3}",0.5,0.0,0.4
Cessna,U206G,"{'Substantial': 4, 'Destroyed': 1}",0.2,0.4,0.0
Champion,7ECA,{'Substantial': 1},0.0,0.0,0.0
Champion,7GCAA,"{'Substantial': 3, 'Destroyed': 1}",0.25,0.0,0.0
Champion,7KCAB,{'Substantial': 1},0.0,0.0,0.0
Champion,CITABRIA 7GCBC,{'Substantial': 1},0.0,0.0,2.0
Christen Industries,A-1,{'Substantial': 1},0.0,0.0,0.0
Cirrus,SR22,{'Substantial': 2},0.0,0.0,0.0
Cirrus Design Corp,SR20,{'Destroyed': 1},2.0,0.0,0.0
Cirrus Design Corp.,SR-22,{'Substantial': 2},0.0,0.0,0.0
Cirrus Design Corp.,SR20,{'Destroyed': 1},4.0,0.0,0.0
Cirrus Design Corp.,SR22,"{'Substantial': 2, 'Minor': 1}",0.0,0.0,0.0
Cirrus Design Corporation,SR22,{'Substantial': 1},0.0,1.0,0.0
Clark,SUPER Q2,{'Destroyed': 1},1.0,0.0,0.0
Classic Aircraft Corp.,WACO YMF5,{'Substantial': 1},0.0,0.0,1.0
Classic Aircraft Corp.,Waco YMF,{'Substantial': 1},0.0,0.0,0.0
Classic Aircraft Corp.,YMF-5,{'Minor': 1},0.0,0.0,0.0
Collins,FISHER FP-202,{'Destroyed': 1},1.0,0.0,0.0
Commander,114B,{'Substantial': 1},0.0,0.0,0.0
Commander Aircraft,114TC,{'Destroyed': 1},1.0,0.0,0.0
Comp Air Inc. (Plambeck),CA8,{'Substantial': 1},0.0,1.0,0.0
Consolidated Aeronautics Inc.,LAKE-LA-4-200,{'Destroyed': 1},0.0,1.0,2.0
Consolidated-vultee,L-13,{'Substantial': 1},0.0,0.0,0.0
Continental,TOMCAT MK6C,{'Destroyed': 1},1.0,0.0,0.0
Convair,440,{'Substantial': 1},0.0,0.0,0.0
Curtiss,C-46A,{'Substantial': 1},0.0,2.0,0.0
Curtiss,C-46R,{'Substantial': 1},0.0,0.0,0.0
Curtiss,JN-4,{'Substantial': 1},0.0,0.0,1.0
Curtiss Wright,C46,{'Substantial': 1},0.0,2.0,0.0
Curtiss-wright,Travel Air 4000,{'Substantial': 1},0.0,0.0,0.0
"Custom Aerotech, Inc.",WHITE LIGHTNING,{'Destroyed': 1},2.0,0.0,0.0
DASSAULT,Falcon,{'Destroyed': 1},2.0,0.0,1.0
DEHAVILLAND,BEAVER DHC 2,{'Substantial': 1},0.0,0.0,0.0
DEHAVILLAND,BEAVER DHC 2 MK.1,{'Substantial': 1},0.0,0.0,0.0
DEHAVILLAND,BEAVER DHC-2 MK.1,{'Substantial': 1},0.0,0.0,0.0
DEHAVILLAND,BEAVER DHC-2 MK.3,{'Substantial': 1},0.0,0.0,0.0
DEHAVILLAND,BEAVER U-6A,{'Substantial': 1},0.0,0.0,0.0
DEHAVILLAND,DHC 2,"{'Minor': 1, 'Substantial': 1}",0.0,0.0,0.0
DEHAVILLAND,DHC-3,{'Substantial': 2},0.0,0.0,0.0
DIAMOND AIRCRAFT IND INC,DA 40,{'Substantial': 1},1.0,0.0,0.0
Dassault,DA-20,{'Substantial': 1},0.0,0.0,0.0
Dassault,DA20F,{'Minor': 1},0.0,0.0,0.0
Dassault Aviation,DA-50,{'Minor': 1},0.0,0.0,1.0
Dassault Aviation,Falcon 20,{'Destroyed': 1},3.0,0.0,0.0
Dassault Aviation,Falcon 900EX,{'Minor': 1},0.0,0.0,0.0
Dassault Falcon,20C,{'Substantial': 1},0.0,0.0,0.0
Dassault-Breguet,Falcon 10,{'Substantial': 1},0.0,0.0,0.0
Dassault-breguet,DA-10,{'Minor': 1},0.0,0.0,0.0
Dassault-breguet,Falcon 20,{'Substantial': 1},0.0,0.0,0.0
De Havilland,BEAVER U-64,{'Substantial': 1},0.0,0.0,1.0
De Havilland,BEAVER U-6A,{'Substantial': 1},0.0,0.0,0.0
De Havilland,Beaver DHC-2 MK.1,{'Substantial': 1},0.0,0.0,1.0
De Havilland,DHC 2,{'Substantial': 1},0.0,1.0,0.0
De Havilland,DHC-2,"{'Substantial': 18, 'Destroyed': 2}",0.65,0.1,0.0
De Havilland,DHC-2 MARK 1,{'Destroyed': 1},6.0,1.0,0.0
De Havilland,DHC-2 MK3,{'Substantial': 1},1.0,0.0,1.0
De Havilland,DHC-2 MKI,{'Substantial': 1},0.0,0.0,1.0
De Havilland,DHC-3,"{'Substantial': 2, 'Destroyed': 1}",0.3333333333333333,0.3333333333333333,0.6666666666666666
De Havilland,DHC-4A,{'Destroyed': 1},2.0,0.0,0.0
De Havilland,DHC-6,{'Substantial': 2},0.0,0.0,0.0
De Havilland,DHC-6-300,{'Substantial': 1},0.0,0.0,0.0
De Havilland,DHC2,{'Substantial': 2},0.0,0.0,0.0
De Havilland,DHC2 MK1,{'Minor': 1},0.0,0.0,0.0
De Havilland,OTTER DHC-3,{'Substantial': 1},0.0,0.0,0.0
DeHavilland,DHC-8-311,{'Minor': 1},0.0,0.0,0.0
Dehavilland,DHC-2,{'Substantial': 2},0.0,0.0,0.0
Devore Sunbird,100,{'Substantial': 1},0.0,0.0,0.0
Diamond Aircraft,DA40-180,{'Substantial': 1},3.0,0.0,0.0
Douglas,B-26B,{'Substantial': 1},0.0,0.0,2.0
Douglas,C-118A,{'Substantial': 1},0.0,0.0,0.0
Douglas,C-54GDC,{'Substantial': 1},0.0,0.0,0.0
Douglas,C54GDC,{'Substantial': 1},0.0,0.0,0.0
Douglas,DC-3,{'Substantial': 3},0.0,0.0,0.0
Douglas,DC-3C,{'Destroyed': 1},2.0,0.0,0.0
Douglas,DC-6A,"{'Substantial': 1, 'Destroyed': 1}",0.0,0.0,1.5
Douglas,DC-7C,{'Minor': 1},0.0,0.0,0.0
Douglas,DC3,{'Destroyed': 1},0.0,1.0,6.0
Douglas,DC3A,{'Minor': 1},0.0,0.0,0.0
Douglas,DC3C,"{'Destroyed': 1, 'Substantial': 1}",5.5,3.5,0.0
Douglas,R4D-8,{'Destroyed': 1},0.0,3.0,0.0
EADS SOCATA,TBM 700,{'Substantial': 1},0.0,0.0,0.0
EMBRAER EXECUTIVE AIRCRAFT INC,EMB-500,{'Substantial': 1},0.0,0.0,0.0
EMBRAER S A,EMB-545,{'Substantial': 1},0.0,0.0,0.0
ENSTROM,280FX,{'Destroyed': 1},0.0,0.0,1.0
EUROCOPTER,AS350B3,{'Substantial': 1},0.0,0.0,0.0
EUROCOPTER,EC130,{'Substantial': 1},0.0,0.0,0.0
Eagle Aircraft Co.,C-7,{'Substantial': 1},0.0,4.0,0.0
Eipper,QUICKSILVER MX 11,{'Substantial': 1},0.0,0.0,1.0
Eipper Quicksilver,MX II,{'Substantial': 1},0.0,0.0,2.0
Enstrom,280,"{'Destroyed': 1, 'Substantial': 1}",0.0,0.5,0.5
Enstrom,280C,{'Substantial': 5},0.2,0.2,0.6
Enstrom,280F,{'Substantial': 1},0.0,0.0,0.0
Enstrom,280FX,{'Substantial': 1},0.0,0.0,0.0
Enstrom,480B,{'Substantial': 1},0.0,0.0,0.0
Enstrom,F-28,{'Substantial': 1},1.0,0.0,1.0
Enstrom,F-28A,"{'Substantial': 1, 'Minor': 1}",0.0,0.0,0.5
Enstrom,F-28C,"{'Substantial': 5, 'Destroyed': 3}",0.25,0.375,0.125
Enstrom,F-28F,{'Substantial': 2},0.0,0.0,1.5
Enstrom,F28-280C,{'Substantial': 1},0.0,0.0,0.0
Enstrom,F28A,{'Substantial': 1},0.0,0.0,0.0
Enstrom,F28C,{'Destroyed': 1},1.0,0.0,0.0
Enstrom,F28F,{'Substantial': 1},0.0,0.0,0.0
Eurocopter,AS 350 BA,{'Substantial': 1},0.0,0.0,0.0
Eurocopter,AS-350-B2,"{'Destroyed': 1, 'Substantial': 1}",0.0,0.0,1.5
Eurocopter,AS350B2,{'Destroyed': 1},0.0,0.0,5.0
Eurocopter,AS350B3,{'Substantial': 1},0.0,0.0,0.0
Eurocopter,AS350BA,{'Destroyed': 1},2.0,0.0,0.0
Eurocopter,COLIBRI EC120B,{'Substantial': 1},0.0,0.0,1.0
Eurocopter Deutschland,BK-117-B2,{'Substantial': 1},0.0,0.0,0.0
Evolution 19,Lancair Evolution,{'Substantial': 1},2.0,0.0,0.0
Extra Flugzeugbau,300S,{'Substantial': 1},0.0,0.0,0.0
FAIRCHILD,SA227-AT,{'Substantial': 1},0.0,2.0,0.0
FLIGHT DESIGN GMBH,CTLS,{'Substantial': 1},0.0,0.0,0.0
FOUND ACFT CANADA INC,FBA 2C2,{'Substantial': 1},0.0,0.0,0.0
Fairchild,C-119,{'Destroyed': 1},0.0,0.0,0.0
Fairchild,C-119L,{'Substantial': 1},0.0,0.0,0.0
Fairchild,C-82A,"{'Substantial': 1, 'Minor': 1}",0.0,0.0,0.0
Fairchild,M-62A-3,{'Substantial': 1},0.0,0.0,1.0
Fairchild,PT-23,{'Destroyed': 1},0.0,2.0,0.0
Fairchild,SA226T,{'Destroyed': 1},0.0,0.0,0.0
Fairchild Hiller,FH-1100,{'Substantial': 1},0.0,0.0,0.0
Fairchild Merlin,SA-226-T,{'Substantial': 1},0.0,0.0,0.0
Fantasy Sky Promotions,AX-7,{'Minor': 1},0.0,2.0,0.0
Firefly Balloons,Galaxy 11B,{'Substantial': 1},0.0,2.0,6.0
Flight Design,Gmbh,{'Substantial': 1},0.0,0.0,1.0
Folland,GNAT T-1,{'Destroyed': 1},2.0,0.0,0.0
Forbes,Rutan Long EZE,{'Substantial': 1},0.0,0.0,0.0
Fuji,"LM-1 ""NIKKO""",{'Substantial': 1},0.0,2.0,2.0
G-DAWG LLC,JUST ACFT HIGHLANDER,{'Substantial': 1},0.0,0.0,2.0
GRUMMAN,G21,{'Destroyed': 1},4.0,0.0,0.0
GRUMMAN AIRCRAFT ENG CORP,C-1A,{'Destroyed': 1},1.0,0.0,0.0
GULFSTREAM,GULFSTREAM150,{'Minor': 1},0.0,0.0,0.0
GULFSTREAM AM CORP COMM DIV,695A,{'Substantial': 1},0.0,0.0,0.0
Garlick,OH58A,{'Substantial': 1},1.0,4.0,0.0
Gates Learjet,23,{'Destroyed': 1},4.0,0.0,0.0
Gates Learjet,24F,{'Destroyed': 1},2.0,1.0,1.0
Gates Learjet,35A,{'Destroyed': 1},2.0,5.0,1.0
Gates Learjet,LR24DXR,{'Minor': 1},0.0,0.0,0.0
Gerlach,Skyraider II,{'Substantial': 1},0.0,0.0,0.0
Glen Davis,GLASAIR,{'Destroyed': 1},1.0,0.0,0.0
Great Lakes,2T 1A,{'Substantial': 1},0.0,0.0,0.0
Great Lakes,2T-1A-2,{'Substantial': 1},0.0,0.0,0.0
Gritter,QUEST AIR 20,{'Substantial': 1},0.0,0.0,0.0
Grob,G 180,{'Destroyed': 1},1.0,0.0,0.0
Grumman,AA-5,{'Substantial': 1},0.0,0.0,0.0
Grumman,AA-5B,{'Substantial': 3},0.0,0.0,0.0
Grumman,AA5,{'Substantial': 1},0.0,0.0,3.0
Grumman,AA5B,{'Destroyed': 2},1.0,1.5,0.0
Grumman,F6F,{'Substantial': 1},1.0,0.0,0.0
Grumman,G-1159,"{'Destroyed': 1, 'Substantial': 1}",3.5,0.0,0.0
Grumman,G-164,"{'Destroyed': 1, 'Substantial': 1}",0.0,0.0,0.0
Grumman,G-44,{'Substantial': 2},0.0,0.0,1.5
Grumman American,AA-1B,{'Substantial': 1},0.0,0.0,2.0
Grumman American,AA-5A,"{'Substantial': 1, 'Destroyed': 1}",1.0,0.0,0.0
Grumman American,AA-5B,{'Substantial': 1},0.0,0.0,0.0
Grumman American,G-1159,{'Substantial': 1},0.0,0.0,0.0
Gulfstream,500-S,{'Destroyed': 1},1.0,0.0,0.0
Gulfstream,681,{'Destroyed': 1},1.0,0.0,2.0
Gulfstream,690A,{'Destroyed': 1},2.0,0.0,0.0
Gulfstream,690B,{'Substantial': 1},0.0,0.0,0.0
Gulfstream,690C,{'Destroyed': 1},2.0,0.0,0.0
Gulfstream,690D,{'Destroyed': 1},6.0,0.0,0.0
Gulfstream,AEROCOMMANDER 695,{'Substantial': 1},0.0,0.0,0.0
Gulfstream,G-1159,{'Substantial': 1},0.0,0.0,0.0
Gulfstream,GV-1,{'Substantial': 1},0.0,0.0,0.0
Gulfstream Aerospace,G-5,{'Minor': 1},0.0,0.0,0.0
Gulfstream Aerospace,G-IV,{'Substantial': 2},0.0,0.0,0.0
Gulfstream Aerospace,G-V,{'Minor': 1},0.0,0.0,0.0
Gulfstream American,690B,{'Substantial': 1},0.0,0.0,0.0
Gulfstream American,690C,{'Substantial': 2},0.0,0.0,0.0
Gulfstream American,AA-5A,{'Destroyed': 1},2.0,0.0,0.0
Gulfstream American,AA-5B,{'Destroyed': 1},1.0,0.0,0.0
Gulfstream American,AA5A,{'Substantial': 1},0.0,0.0,1.0
Gulfstream-schweizer,G-164B,{'Substantial': 1},0.0,0.0,0.0
HAWKER,MK-20 Sea Fury,{'Substantial': 1},0.0,0.0,0.0
HAWKER BEECHCRAFT CORPORATION,390,{'Destroyed': 1},2.0,0.0,2.0
HILLER,UH 12D,{'Substantial': 1},0.0,1.0,0.0
HILLER,UH-12D,{'Substantial': 1},0.0,0.0,0.0
HUGHES,269C,{'Substantial': 1},0.0,1.0,1.0
HUGHES,369,{'Substantial': 1},0.0,0.0,0.0
HUGHES,369A,"{'Substantial': 1, 'Destroyed': 1}",0.0,0.5,2.5
HUGHES,369D,{'Substantial': 2},0.0,0.5,0.5
HUGHES,369HS,{'Substantial': 1},0.0,0.0,0.0
Hall,Lancair IV-P,{'Destroyed': 1},3.0,0.0,0.0
Hamburger Flugzeugbau (hfb),HANSA HFB-320,{'Destroyed': 1},3.0,0.0,0.0
Hawker Beechcraft,390,{'Substantial': 1},0.0,0.0,2.0
Hawker Siddeley,125-600A,{'Destroyed': 1},1.0,3.0,4.0
Hawker Siddeley,DH 125-400A,{'Substantial': 1},0.0,1.0,4.0
Hawker Siddeley,DH-125,{'Substantial': 1},0.0,0.0,0.0
Hawker Siddeley,HS-125-400A,{'Destroyed': 1},2.0,2.0,2.0
Hawker Siddeley,HUNTER T MK 7,{'Substantial': 1},0.0,1.0,1.0
Hawker Siddely,HS 125 600B,{'Substantial': 1},0.0,3.0,0.0
Hawker-beechcraft,BE-200,{'Substantial': 1},7.0,0.0,0.0
Hawkins & Powers,UH-1B,{'Destroyed': 1},0.0,0.0,1.0
Head,AX8 88,{'Minor': 1},0.0,1.0,1.0
Head,AX9-118,{'Minor': 1},0.0,0.0,1.0
Helio,COURIER H-295,{'Destroyed': 1},3.0,0.0,0.0
Helio,H-250,{'Substantial': 3},0.0,0.0,0.0
Helio,H-295,{'Substantial': 7},0.0,0.0,0.42857142857142855
Helio,H-391B,{'Substantial': 1},0.0,0.0,0.0
Helio,H-395,{'Substantial': 1},0.0,0.0,0.0
Helio,H-395A,{'Substantial': 1},0.0,0.0,0.0
Helio,H295,{'Substantial': 2},0.0,0.0,0.0
Helio,HT-295,{'Destroyed': 2},0.0,0.5,0.5
Hiller,12-E,{'Destroyed': 1},0.0,0.0,0.0
Hiller,FH-1100,"{'Destroyed': 2, 'Substantial': 1}",1.0,0.0,0.0
Hiller,H-23C,{'Destroyed': 1},0.0,0.0,1.0
Hiller,UH-12,{'Substantial': 1},0.0,0.0,0.0
Hiller,UH-12C,{'Substantial': 2},0.0,0.0,0.0
Hiller,UH-12D,{'Substantial': 1},0.0,0.0,0.0
Hiller,UH-12E,"{'Substantial': 3, 'Destroyed': 3}",0.5,0.0,0.5
Hiller,UH-12ET,{'Substantial': 1},0.0,0.0,0.0
Hiller,UH12,{'Substantial': 1},0.0,0.0,0.0
Historical Aircraft Corp.,A-001,{'Substantial': 1},0.0,1.0,0.0
Hubbell,Prescott Pusher,{'Substantial': 1},0.0,0.0,0.0
Hughes,269,{'Substantial': 2},0.0,1.0,0.5
Hughes,269A,{'Substantial': 5},0.0,0.4,0.4
Hughes,269A-1,{'Substantial': 1},0.0,0.0,0.0
Hughes,269B,"{'Substantial': 3, 'Destroyed': 1}",0.75,0.0,0.25
Hughes,269C,"{'Substantial': 6, 'Destroyed': 3}",0.0,0.4444444444444444,0.8888888888888888
Hughes,269D,{'Substantial': 1},0.0,0.0,0.0
Hughes,300/269C,{'Substantial': 1},0.0,0.0,3.0
Hughes,364HS,{'Substantial': 1},0.0,0.0,2.0
Hughes,369-500D,{'Substantial': 1},0.0,0.0,0.0
Hughes,369D,"{'Substantial': 18, 'Destroyed': 6}",0.3333333333333333,0.125,0.20833333333333334
Hughes,369E,"{'Substantial': 3, 'Destroyed': 2}",0.0,1.0,0.6
Hughes,369HS,"{'Substantial': 6, 'Destroyed': 2}",0.375,0.0,0.125
Hughes,500C,"{'Destroyed': 1, 'Substantial': 1}",0.0,2.0,1.0
Hughes,500C (369HS),{'Substantial': 1},0.0,1.0,0.0
Hughes,500D,"{'Substantial': 4, 'Minor': 1}",0.2,0.2,0.2
Hughes,H500C,{'Substantial': 1},0.0,0.0,0.0
Hughes,TH-55A,{'Substantial': 1},0.0,0.0,0.0
ICON,A5,{'Substantial': 1},0.0,0.0,1.0
ICON AIRCRAFT INC,A5,{'Substantial': 2},1.0,0.0,0.0
ISRAEL AIRCRAFT INDUSTRIES,1125 WESTWIND ASTRA,{'Substantial': 1},0.0,0.0,0.0
Intermountain Mfg. (imco),CALLAIR A-9,{'Substantial': 2},0.0,0.0,0.0
Israel Aircraft Industries,1124,{'Substantial': 1},0.0,0.0,0.0
Israel Aircraft Industries,1124A,"{'Destroyed': 1, 'Substantial': 1, 'Minor': 1}",2.3333333333333335,0.0,0.0
Iv Inc.,LANCAIR IV,{'Substantial': 1},2.0,1.0,0.0
Jackson,Velocity,{'Substantial': 1},0.0,0.0,0.0
KLAAS DEVELOPMENT INC,LANCAIR IV P,{'Substantial': 1},1.0,0.0,0.0
KUBICEK,BB85,{'Destroyed': 1},16.0,0.0,0.0
Kaman,K600-3,{'Destroyed': 1},0.0,0.0,0.0
LANCAIR,LC41-550FG,{'Substantial': 1},0.0,0.0,0.0
LEARJET,25,{'Substantial': 1},0.0,0.0,0.0
LEARJET INC,31,{'Substantial': 1},0.0,0.0,0.0
LEARJET INC,45,{'Substantial': 1},0.0,2.0,0.0
LEONARDO SPA,AW169,{'Substantial': 1},0.0,0.0,0.0
LET,L 23 SUPER BLANIK,{'Destroyed': 1},2.0,0.0,0.0
LUDWIG LARRY E,BUSHMAN,{'Substantial': 1},0.0,1.0,0.0
Lake,LA-250,{'Substantial': 1},0.0,0.0,1.0
Lake,LA-4-200,{'Substantial': 2},0.0,1.0,0.5
Lancair,LC-40-550FG,{'Destroyed': 1},2.0,0.0,0.0
Lancair,LC41,{'Substantial': 1},0.0,0.0,0.0
Lancair,LC42-550FG,{'Substantial': 1},0.0,0.0,0.0
Lciv Llc,Lancair IV-P Propjet,{'Destroyed': 1},3.0,0.0,0.0
Learjet,24,{'Destroyed': 2},4.5,0.5,0.0
Learjet,25D,{'Substantial': 1},0.0,0.0,0.0
Learjet,35A,{'Substantial': 3},0.0,0.0,0.0
Learjet,36,{'Minor': 1},0.0,0.0,0.0
Learjet,55,{'Substantial': 1},0.0,0.0,0.0
Learjet,60,{'Substantial': 1},0.0,0.0,0.0
Lockheed,1329-23E,{'Minor': 1},0.0,0.0,0.0
Lockheed,L-1329,{'Substantial': 1},0.0,0.0,0.0
Luscombe,8A,{'Substantial': 1},0.0,0.0,0.0
MAULE,MXT-7-180,{'Substantial': 1},1.0,0.0,0.0
MCDONNELL DOUGLAS HELICOPTER,369E,{'Substantial': 2},0.0,0.0,0.0
MITSUBISHI,MU-2B-26A,{'Substantial': 1},0.0,1.0,0.0
MKII Corporation,Lancair Legacy 2000,{'Substantial': 1},0.0,0.0,0.0
MOONEY,M20C,{'Substantial': 1},0.0,0.0,1.0
MOONEY,M20J,{'Substantial': 1},0.0,0.0,0.0
MOONEY,M20M,{'Substantial': 1},0.0,1.0,0.0
MOONEY,M20R,{'Substantial': 1},0.0,0.0,0.0
MOONEY AIRPLANE CO INC,M20TN,{'Substantial': 2},0.0,0.0,0.0
Malone,VANS RV-6A,{'Destroyed': 1},1.0,0.0,0.0
Mankovich,SONERAI,{'Destroyed': 1},1.0,0.0,0.0
Maule,M-4-210C,"{'Substantial': 1, 'Destroyed': 1}",1.0,0.0,0.0
Maule,M-4-220C,{'Substantial': 1},0.0,0.0,1.0
Maule,M-5,{'Substantial': 4},0.0,0.0,0.0
Maule,M-5-180,{'Substantial': 1},0.0,0.0,0.0
Maule,M-5-210C,{'Substantial': 3},0.0,0.0,0.0
Maule,M-5-210TC,{'Substantial': 1},0.0,1.0,0.0
Maule,M-5-220C,{'Destroyed': 1},0.0,1.0,3.0
Maule,M-5-235,{'Substantial': 1},0.0,0.0,0.0
Maule,M-5-235C,{'Substantial': 1},0.0,2.0,1.0
Maule,M-6-235,"{'Substantial': 2, 'Destroyed': 1}",0.3333333333333333,0.3333333333333333,0.0
Maule,M-7-235,{'Substantial': 5},0.2,0.0,0.8
Maule,M-7-235B,{'Substantial': 1},0.0,0.0,0.0
Maule,M4,{'Substantial': 1},0.0,0.0,0.0
Maule,M5-235C,{'Substantial': 1},0.0,0.0,0.0
Maule,ML-7,{'Substantial': 1},0.0,1.0,0.0
Maule,MT-7-235,{'Substantial': 1},0.0,0.0,0.0
Maule,MX-7-235,{'Substantial': 1},0.0,0.0,0.0
Mbb,BK-117,{'Minor': 1},0.0,0.0,0.0
Mbb,BO-105,{'Substantial': 1},0.0,0.0,3.0
Mbb,BO-105S,{'Destroyed': 1},2.0,0.0,0.0
Mcdonnell Douglas,369D,{'Destroyed': 1},3.0,0.0,0.0
Mcdonnell Douglas,369E,{'Destroyed': 3},0.6666666666666666,1.3333333333333333,1.3333333333333333
Mcdonnell Douglas,369HS,{'Destroyed': 1},0.0,0.0,4.0
Mcdonnell Douglas,600N,{'Substantial': 1},0.0,0.0,0.0
Mcdonnell Douglas,DC-3,{'Destroyed': 1},2.0,1.0,0.0
Mcdonnell Douglas,MD369D,{'Substantial': 1},0.0,0.0,0.0
Mckinnis,STEEN SKYBOLT,{'Substantial': 1},0.0,0.0,0.0
Md Helicopter,MD 600,{'Destroyed': 1},1.0,0.0,0.0
Md Helicopters,MD-600N,{'Destroyed': 1},3.0,1.0,0.0
"Md Helicopters, Inc.",600N,{'Substantial': 1},0.0,0.0,3.0
Mikoyan,MIG-15BIS,{'Substantial': 1},0.0,0.0,0.0
Mitsubishi,300,{'Substantial': 1},0.0,0.0,0.0
Mitsubishi,MU-2,{'Substantial': 1},0.0,0.0,0.0
Mitsubishi,MU-2B,{'Destroyed': 1},0.0,0.0,0.0
Mitsubishi,MU-2B-20,"{'Substantial': 3, 'Destroyed': 1}",0.25,0.0,0.25
Mitsubishi,MU-2B-25,"{'Substantial': 3, 'Minor': 1, 'Destroyed': 1}",1.2,0.0,0.0
Mitsubishi,MU-2B-30,{'Substantial': 1},0.0,0.0,0.0
Mitsubishi,MU-2B-36,{'Minor': 1},0.0,0.0,0.0
Mitsubishi,MU-2B-40,"{'Substantial': 2, 'Destroyed': 1}",0.0,0.0,1.3333333333333333
Mitsubishi,MU-2B-6,{'Substantial': 1},0.0,0.0,1.0
Mitsubishi,MU-2B-60,{'Destroyed': 2},5.0,0.0,0.0
Mitsubishi,MU-300,{'Substantial': 1},0.0,0.0,0.0
Mitsubishi,MU-300IA,{'Minor': 1},0.0,0.0,0.0
Mitsubishi,MU2B-20,{'Substantial': 1},0.0,0.0,0.0
Mitsubishi,MU2B-40,{'Destroyed': 1},0.0,0.0,6.0
Mitsubishi,MU2J,{'Substantial': 1},0.0,0.0,0.0
Mooney,20K,{'Substantial': 1},0.0,0.0,0.0
Mooney,231,{'Substantial': 1},0.0,0.0,0.0
Mooney,M-10,{'Substantial': 1},0.0,0.0,0.0
Mooney,M-20,"{'Destroyed': 1, 'Substantial': 1}",0.5,0.0,0.0
Mooney,M-20-J-201,{'Destroyed': 1},1.0,0.0,0.0
Mooney,M-20C,{'Substantial': 1},0.0,2.0,0.0
Mooney,M-20F,{'Substantial': 1},0.0,0.0,1.0
Mooney,M-20J,"{'Substantial': 2, 'Destroyed': 1}",0.3333333333333333,0.3333333333333333,0.0
Mooney,M-20K,"{'Destroyed': 1, 'Substantial': 1}",0.5,0.0,1.0
Mooney,M20-K,{'Substantial': 1},0.0,0.0,0.0
Mooney,M20A,{'Substantial': 1},0.0,0.0,0.0
Mooney,M20B,{'Destroyed': 1},1.0,1.0,0.0
Mooney,M20C,"{'Substantial': 7, 'Destroyed': 4, 'Minor': 1}",0.3333333333333333,0.16666666666666666,0.16666666666666666
Mooney,M20D,{'Substantial': 1},0.0,0.0,0.0
Mooney,M20E,"{'Substantial': 5, 'Destroyed': 3}",1.0,0.125,0.375
Mooney,M20F,"{'Substantial': 9, 'Destroyed': 5, 'Minor': 2}",0.375,0.1875,0.125
Mooney,M20G,{'Destroyed': 1},1.0,0.0,0.0
Mooney,M20J,"{'Destroyed': 10, 'Substantial': 9}",1.105263157894737,0.05263157894736842,0.2631578947368421
Mooney,M20K,"{'Substantial': 6, 'Destroyed': 6}",0.5833333333333334,0.0,0.08333333333333333
Mooney,M20L,{'Destroyed': 1},2.0,0.0,0.0
Mooney,M20M,{'Substantial': 1},0.0,0.0,0.0
Mooney,M20R,{'Substantial': 1},0.0,0.0,0.0
Mooney,M20S,{'Substantial': 1},0.0,0.0,0.0
Mooney,M22,{'Substantial': 1},0.0,0.0,0.0
Mooney,MK20J,{'Substantial': 1},0.0,0.0,1.0
Mooney,MK21,{'Substantial': 1},0.0,0.0,1.0
Mooney,MO-20J,{'Destroyed': 1},2.0,0.0,0.0
Morane-Saulnier,MS-760/B,{'Substantial': 1},0.0,0.0,0.0
Morane-saulnier,MS760,{'Destroyed': 1},2.0,0.0,0.0
NEW PIPER AIRCRAFT INC,PA 32R-301T,{'Substantial': 1},0.0,2.0,2.0
NEW PIPER AIRCRAFT INC,PA32-301FT,{'Substantial': 1},0.0,0.0,2.0
NORTH AMERICAN,AT 6,{'Destroyed': 1},2.0,0.0,0.0
NORTH AMERICAN,SNJ 2,{'Destroyed': 1},1.0,0.0,0.0
NORTHLAND AVIATION LLC,IVP,{'Substantial': 1},0.0,1.0,0.0
Navion,A,{'Destroyed': 1},3.0,0.0,0.0
Navion,G,{'Destroyed': 2},2.0,0.0,0.0
Navion,NA-1,{'Substantial': 1},0.0,0.0,0.0
Navion,NAVION H,{'Substantial': 1},0.0,0.0,0.0
New Standard,D-25,{'Substantial': 1},0.0,0.0,0.0
North American,F-100F,{'Destroyed': 1},1.0,0.0,0.0
North American,NA-265-40,{'Substantial': 1},0.0,0.0,0.0
North American,NA-265-50,{'Substantial': 1},0.0,0.0,0.0
North American,NA-265-80,{'Destroyed': 1},2.0,2.0,0.0
North American,NAVION,{'Substantial': 1},0.0,0.0,0.0
North American,P-51 MUSTANG X,{'Substantial': 1},0.0,0.0,0.0
North American,P-51D,{'Minor': 1},0.0,0.0,0.0
North American,SNJ-2,{'Substantial': 2},0.0,0.0,0.0
North American,SNJ-4,{'Destroyed': 1},4.0,0.0,0.0
Northrop,C-125A,{'Substantial': 1},0.0,0.0,2.0
Northrop,F5,{'Substantial': 1},0.0,0.0,0.0
PIAGGIO,P180,{'Minor': 1},0.0,0.0,0.0
PIAGGIO,P180 - AVANTI II,{'Substantial': 1},0.0,0.0,0.0
PILATUS,PC12,{'Substantial': 2},0.0,0.0,0.0
PIPER,AEROSTAR 602P,{'Substantial': 1},0.0,0.0,0.0
PIPER,PA 18,{'Substantial': 1},0.0,0.0,0.0
PIPER,PA 18-150,{'Substantial': 1},0.0,0.0,0.0
PIPER,PA 24-250,{'Substantial': 1},3.0,0.0,0.0
PIPER,PA 31P,{'Substantial': 1},0.0,0.0,0.0
PIPER,PA 32RT-300T,{'Substantial': 1},0.0,0.0,0.0
PIPER,PA 46,{'Substantial': 1},0.0,0.0,0.0
PIPER,PA 46 350P,{'Minor': 1},0.0,0.0,0.0
PIPER,PA 46-350P,{'Substantial': 5},0.0,0.0,0.0
PIPER,PA-18-135,{'Substantial': 1},0.0,1.0,0.0
PIPER,PA-18-150,{'Substantial': 4},0.0,0.0,0.0
PIPER,PA-22,{'Substantial': 1},0.0,0.0,0.0
PIPER,PA-22-135,{'Substantial': 2},0.0,0.5,0.0
PIPER,PA-22-150,{'Substantial': 2},0.0,0.0,0.0
PIPER,PA-23-250,{'Substantial': 1},3.0,0.0,1.0
PIPER,PA-24-250,{'Substantial': 1},0.0,0.0,0.0
PIPER,PA-24-260,{'Substantial': 1},0.0,1.0,2.0
PIPER,PA-28-151,{'Substantial': 1},0.0,2.0,0.0
PIPER,PA-30,{'Substantial': 1},2.0,0.0,0.0
PIPER,PA-31T,{'Substantial': 1},1.0,0.0,0.0
PIPER,PA-32-300,{'Substantial': 1},0.0,1.0,2.0
PIPER,PA-32R-300,{'Substantial': 1},0.0,0.0,0.0
PIPER,PA-32R-301,{'Substantial': 2},0.0,0.0,0.0
PIPER,PA-34-200T,{'Destroyed': 1},1.0,0.0,0.0
PIPER,PA-46,{'Substantial': 1},0.0,0.0,0.0
PIPER,PA-46-310P,{'Substantial': 1},0.0,0.0,0.0
PIPER,PA-46-350P,{'Substantial': 2},0.0,1.0,0.0
PIPER,PA18,{'Substantial': 1},0.0,0.0,0.0
PIPER,PA23-250,{'Substantial': 1},0.0,0.0,0.0
PIPER,PA31,{'Substantial': 1},1.0,1.0,0.0
PIPER,PA31T,{'Destroyed': 2},3.0,0.0,0.0
PIPER,PA32,{'Substantial': 1},0.0,0.0,0.0
PIPER,PA42,{'Destroyed': 1},4.0,0.0,0.0
PIPER,PA44,{'Destroyed': 1},1.0,0.0,0.0
PIPER,PA46-310P,{'Substantial': 1},0.0,0.0,0.0
PIPER,PA46-500TP,{'Destroyed': 1},2.0,0.0,0.0
PIPER,PA46R,{'Substantial': 1},0.0,1.0,0.0
PIPER AIRCRAFT CORPORATION,PA-60-601P,{'Substantial': 1},0.0,0.0,0.0
PRIDMORE,LANCAIR IV,{'Substantial': 1},0.0,0.0,0.0
Partenavia,P68C,{'Destroyed': 1},0.0,1.0,0.0
Piaggio,P180,{'Substantial': 1},0.0,0.0,0.0
Piaggio Aero Industries S.p.a.,Avanti P-180,{'Substantial': 1},0.0,0.0,0.0
Pilatus,PC-12/45,{'Destroyed': 2},1.0,0.0,0.5
Pilatus,PC-6,{'Substantial': 1},0.0,0.0,0.0
Pilatus,PC12,{'Substantial': 1},0.0,0.0,1.0
Pilatus,PORTER PC-6/350,{'Substantial': 1},0.0,0.0,0.0
Piper,18,{'Substantial': 1},1.0,1.0,0.0
Piper,28-140,{'Destroyed': 1},1.0,1.0,0.0
Piper,32RT-300T,{'Destroyed': 1},0.0,1.0,0.0
Piper,46-310P,{'Substantial': 1},0.0,0.0,0.0
Piper,601P,"{'Destroyed': 3, 'Substantial': 2}",1.0,0.2,0.0
Piper,602P,{'Destroyed': 1},1.0,0.0,0.0
Piper,AEROSTAR 601P,"{'Destroyed': 2, 'Substantial': 2}",0.5,0.25,0.25
Piper,AEROSTAR 602P,{'Destroyed': 2},1.0,0.0,0.0
Piper,Aerostar 601P,{'Destroyed': 1},1.0,0.0,0.0
Piper,J-3C,{'Substantial': 1},0.0,0.0,0.0
Piper,J-5,{'Substantial': 1},0.0,0.0,0.0
Piper,J3,{'Substantial': 1},0.0,0.0,0.0
Piper,J3C-65,{'Substantial': 1},0.0,0.0,0.0
Piper,J3C-85,{'Minor': 1},1.0,0.0,0.0
Piper,J5A,{'Substantial': 1},0.0,0.0,0.0
Piper,L-21-A,{'Destroyed': 1},2.0,0.0,0.0
Piper,P-60-601P,{'Destroyed': 1},1.0,1.0,0.0
Piper,PA 25,{'Substantial': 1},0.0,0.0,0.0
Piper,PA 28-236,{'Destroyed': 1},1.0,0.0,0.0
Piper,PA 28R-200,{'Substantial': 1},0.0,0.0,0.0
Piper,PA 46-350P,{'Substantial': 1},0.0,0.0,0.0
Piper,PA-11,{'Substantial': 2},0.0,0.0,0.0
Piper,PA-12,"{'Substantial': 9, 'Destroyed': 2}",0.2727272727272727,0.0,0.2727272727272727
Piper,PA-12-150,{'Destroyed': 1},0.0,0.0,0.0
Piper,PA-14,{'Substantial': 1},0.0,0.0,0.0
Piper,PA-16,{'Substantial': 1},0.0,0.0,0.0
Piper,PA-18,"{'Substantial': 46, 'Destroyed': 6}",0.11538461538461539,0.15384615384615385,0.15384615384615385
Piper,PA-18-125,"{'Substantial': 1, 'Destroyed': 1}",1.5,0.5,0.0
Piper,PA-18-135,{'Substantial': 1},0.0,0.0,0.0
Piper,PA-18-150,"{'Substantial': 22, 'Destroyed': 5}",0.25925925925925924,0.2222222222222222,0.2962962962962963
Piper,PA-18-160,{'Substantial': 3},0.0,0.0,0.0
Piper,PA-18-180,{'Substantial': 2},0.0,0.0,0.0
Piper,PA-18A,"{'Substantial': 3, 'Destroyed': 1}",0.25,0.0,0.0
Piper,PA-18A 150,{'Substantial': 1},0.0,0.0,0.0
Piper,PA-18A-150,{'Substantial': 2},0.5,1.0,0.0
Piper,PA-20,{'Substantial': 2},0.0,0.0,0.0
Piper,PA-22-108,{'Substantial': 1},0.0,0.0,0.0
Piper,PA-22-135,{'Destroyed': 1},0.0,0.0,1.0
Piper,PA-22-150,"{'Substantial': 4, 'Destroyed': 2}",0.3333333333333333,0.16666666666666666,0.3333333333333333
Piper,PA-23,"{'Substantial': 2, 'Destroyed': 1}",0.0,0.0,0.6666666666666666
Piper,PA-23-160,"{'Destroyed': 1, 'Substantial': 1}",2.0,0.5,0.0
Piper,PA-23-170,{'Destroyed': 1},4.0,0.0,0.0
Piper,PA-23-250,"{'Substantial': 14, 'Destroyed': 10, 'Minor': 1}",0.68,0.36,0.48
Piper,PA-23-250F,{'Destroyed': 1},3.0,0.0,0.0
Piper,PA-23-250T,{'Substantial': 1},0.0,0.0,0.0
Piper,PA-23C-250,{'Substantial': 1},0.0,0.0,2.0
Piper,PA-23E-250,{'Destroyed': 1},2.0,0.0,0.0
Piper,PA-24,"{'Substantial': 4, 'Destroyed': 1}",0.2,0.0,0.2
Piper,PA-24-180,"{'Destroyed': 4, 'Substantial': 3}",1.4285714285714286,0.2857142857142857,0.2857142857142857
Piper,PA-24-250,"{'Substantial': 11, 'Destroyed': 7}",0.6111111111111112,0.3888888888888889,0.2777777777777778
Piper,PA-24-260,"{'Substantial': 4, 'Destroyed': 4}",1.0,0.0,0.375
Piper,PA-24-400,"{'Substantial': 3, 'Destroyed': 1}",0.25,0.0,0.0
Piper,PA-25-235,"{'Substantial': 4, 'Destroyed': 1}",0.2,0.0,0.0
Piper,PA-25-260,{'Substantial': 1},0.0,0.0,0.0
Piper,PA-28,"{'Destroyed': 5, 'Substantial': 3}",0.75,0.5,0.25
Piper,PA-28-140,"{'Substantial': 9, 'Destroyed': 8}",0.6470588235294118,0.17647058823529413,0.17647058823529413
Piper,PA-28-150,{'Substantial': 1},0.0,0.0,0.0
Piper,PA-28-151,"{'Substantial': 5, 'Destroyed': 1}",0.16666666666666666,0.0,0.0
Piper,PA-28-160,{'Substantial': 1},0.0,0.0,0.0
Piper,PA-28-161,"{'Substantial': 10, 'Destroyed': 6}",0.75,0.0,0.0
Piper,PA-28-180,"{'Substantial': 16, 'Destroyed': 8}",0.5416666666666666,0.16666666666666666,0.20833333333333334
Piper,PA-28-181,"{'Substantial': 13, 'Destroyed': 12}",0.92,0.16,0.4
Piper,PA-28-201T,"{'Substantial': 2, 'Destroyed': 1}",0.6666666666666666,0.0,0.0
Piper,PA-28-235,"{'Substantial': 6, 'Destroyed': 3}",0.4444444444444444,0.5555555555555556,0.2222222222222222
Piper,PA-28-236,"{'Destroyed': 2, 'Substantial': 1}",1.0,0.0,0.0
Piper,PA-28R,{'Destroyed': 2},2.0,0.0,0.0
Piper,PA-28R-180,"{'Substantial': 5, 'Destroyed': 4}",1.1111111111111112,0.2222222222222222,0.3333333333333333
Piper,PA-28R-200,"{'Substantial': 14, 'Destroyed': 8}",0.5,0.22727272727272727,0.045454545454545456
Piper,PA-28R-201,"{'Substantial': 4, 'Destroyed': 1}",0.2,0.2,0.0
Piper,PA-28R-201T,"{'Substantial': 6, 'Destroyed': 4}",0.7,0.0,0.2
Piper,PA-28RT,{'Substantial': 1},0.0,0.0,0.0
Piper,PA-28RT-201,"{'Substantial': 2, 'Destroyed': 2}",1.0,0.0,0.25
Piper,PA-28RT-201T,"{'Substantial': 5, 'Destroyed': 3}",0.25,0.125,0.375
Piper,PA-30,"{'Substantial': 9, 'Destroyed': 4}",0.8461538461538461,0.07692307692307693,0.07692307692307693
Piper,PA-30-160,{'Destroyed': 1},3.0,0.0,0.0
Piper,PA-30B,{'Destroyed': 1},1.0,0.0,0.0
Piper,PA-31,"{'Substantial': 4, 'Destroyed': 3}",1.0,0.14285714285714285,0.2857142857142857
Piper,PA-31-310,{'Destroyed': 1},1.0,0.0,0.0
Piper,PA-31-325,{'Substantial': 3},0.0,0.0,0.3333333333333333
Piper,PA-31-350,"{'Substantial': 16, 'Destroyed': 8}",0.875,0.08333333333333333,0.25
Piper,PA-31-T,{'Substantial': 1},0.0,0.0,0.0
Piper,PA-31B-310,{'Destroyed': 1},1.0,0.0,0.0
Piper,PA-31P,"{'Destroyed': 3, 'Substantial': 1}",2.25,0.0,0.0
Piper,PA-31P-350,{'Destroyed': 2},2.5,0.0,0.0
Piper,PA-31P-425,{'Destroyed': 1},3.0,0.0,0.0
Piper,PA-31T,"{'Substantial': 4, 'Destroyed': 2, 'Minor': 1}",1.1428571428571428,0.2857142857142857,0.14285714285714285
Piper,PA-31T-620,{'Substantial': 1},0.0,0.0,0.0
Piper,PA-31T-620II,{'Destroyed': 1},3.0,0.0,0.0
Piper,PA-31T1,"{'Substantial': 3, 'Minor': 2, 'Destroyed': 1}",0.3333333333333333,0.0,0.0
Piper,PA-31T2,{'Destroyed': 2},4.5,0.0,0.0
Piper,PA-32,"{'Destroyed': 3, 'Substantial': 2}",0.8,0.0,0.0
Piper,PA-32-260,"{'Substantial': 12, 'Destroyed': 9}",1.0476190476190477,0.5238095238095238,0.2857142857142857
Piper,PA-32-300,"{'Substantial': 14, 'Destroyed': 12, 'Minor': 1}",1.1481481481481481,0.4074074074074074,0.2962962962962963
Piper,PA-32-300E,{'Substantial': 1},0.0,0.0,1.0
Piper,PA-32-300T,{'Substantial': 1},0.0,0.0,0.0
Piper,PA-32-301,"{'Substantial': 3, 'Destroyed': 1}",0.75,0.0,0.0
Piper,PA-32-301T,"{'Substantial': 1, 'Destroyed': 1}",1.0,0.0,0.0
Piper,PA-32R,"{'Substantial': 1, 'Destroyed': 1}",1.0,1.0,0.0
Piper,PA-32R-300,"{'Substantial': 12, 'Destroyed': 6, 'Minor': 1}",0.5789473684210527,0.5789473684210527,0.05263157894736842
Piper,PA-32R-301,"{'Destroyed': 5, 'Substantial': 5}",1.2,0.2,0.1
Piper,PA-32R-301T,"{'Destroyed': 5, 'Substantial': 2, 'Minor': 1}",1.375,0.0,0.125
Piper,PA-32RT,{'Destroyed': 1},1.0,3.0,1.0
Piper,PA-32RT-300,"{'Destroyed': 4, 'Substantial': 2}",2.5,0.16666666666666666,0.3333333333333333
Piper,PA-32RT-300T,"{'Substantial': 10, 'Destroyed': 9}",1.0,0.2631578947368421,0.05263157894736842
Piper,PA-34,"{'Substantial': 5, 'Destroyed': 1}",0.3333333333333333,0.0,0.3333333333333333
Piper,PA-34-200,"{'Substantial': 7, 'Destroyed': 3}",0.3,0.0,0.1
Piper,PA-34-200T,"{'Substantial': 11, 'Destroyed': 6, 'Minor': 3}",0.4,0.1,1.0
Piper,PA-34-220T,"{'Substantial': 8, 'Destroyed': 1}",0.6666666666666666,0.0,0.2222222222222222
Piper,PA-34-22OT,{'Minor': 1},0.0,0.0,0.0
Piper,PA-36-200,{'Substantial': 1},0.0,0.0,0.0
Piper,PA-38,"{'Substantial': 2, 'Destroyed': 1}",0.0,0.0,0.0
Piper,PA-38-112,"{'Substantial': 5, 'Destroyed': 1}",0.0,0.0,0.5
Piper,PA-39,"{'Substantial': 2, 'Destroyed': 1}",0.3333333333333333,0.0,0.0
Piper,PA-42,{'Destroyed': 1},0.0,1.0,0.0
Piper,PA-42-720,{'Substantial': 1},0.0,0.0,0.0
Piper,PA-44-180,"{'Substantial': 2, 'Destroyed': 1}",0.3333333333333333,0.3333333333333333,0.3333333333333333
Piper,PA-44-180T,"{'Destroyed': 1, 'Substantial': 1}",0.0,0.5,1.0
Piper,PA-46,{'Substantial': 1},0.0,0.0,0.0
Piper,PA-46-310P,"{'Substantial': 8, 'Destroyed': 7}",0.6666666666666666,0.4,0.3333333333333333
Piper,PA-46-350P,"{'Destroyed': 9, 'Substantial': 2}",1.7272727272727273,0.0,0.18181818181818182
Piper,PA-46-500TP,{'Minor': 1},0.0,0.0,0.0
Piper,PA-46P-350,{'Destroyed': 1},0.0,3.0,0.0
Piper,PA-60,{'Substantial': 1},0.0,0.0,0.0
Piper,PA-60-601P,"{'Destroyed': 4, 'Substantial': 2}",1.6666666666666667,0.0,0.16666666666666666
Piper,PA-60-602P,{'Destroyed': 3},0.3333333333333333,1.3333333333333333,0.0
Piper,PA-60-700P,{'Destroyed': 2},0.5,0.0,0.5
Piper,PA-60/601P,{'Substantial': 1},0.0,0.0,0.0
Piper,PA-601P,"{'Destroyed': 4, 'Substantial': 2}",0.6666666666666666,0.0,0.16666666666666666
Piper,PA18,{'Substantial': 1},0.0,0.0,0.0
Piper,PA18-135,{'Substantial': 1},2.0,0.0,0.0
Piper,PA18-150,{'Substantial': 2},0.0,0.5,0.0
Piper,PA28,{'Destroyed': 1},1.0,0.0,2.0
Piper,PA28-140,{'Substantial': 1},0.0,0.0,0.0
Piper,PA28-151,"{'Destroyed': 1, 'Substantial': 1}",1.0,1.0,0.0
Piper,PA28-181,{'Substantial': 1},0.0,0.0,1.0
Piper,PA28-201T,{'Destroyed': 1},1.0,0.0,0.0
Piper,PA28R-200,{'Substantial': 1},0.0,0.0,0.0
Piper,PA30,{'Substantial': 1},0.0,0.0,0.0
Piper,PA31,{'Substantial': 1},0.0,0.0,0.0
Piper,PA31-350,{'Destroyed': 1},10.0,0.0,0.0
Piper,PA31P-350,{'Destroyed': 1},2.0,0.0,0.0
Piper,PA31T,{'Destroyed': 1},1.0,0.0,0.0
Piper,PA32-300,"{'Destroyed': 2, 'Substantial': 1}",3.0,0.0,0.0
Piper,PA32-301T,{'Destroyed': 1},0.0,0.0,2.0
Piper,PA32R-300,{'Substantial': 2},0.0,0.0,0.0
Piper,PA32RT,{'Destroyed': 1},2.0,0.0,0.0
Piper,PA32RT-300,"{'Substantial': 1, 'Destroyed': 1}",1.0,0.0,0.0
Piper,PA32RT-300T,{'Substantial': 1},0.0,0.0,0.0
Piper,PA34-200T,{'Destroyed': 1},2.0,0.0,0.0
Piper,PA46,{'Substantial': 2},0.0,0.0,0.0
Piper,PA46-500TP,{'Substantial': 1},0.0,0.0,0.0
Piper,PA60,{'Substantial': 1},0.0,0.0,0.0
Piper,PA60-602P,{'Destroyed': 1},2.0,0.0,0.0
Piper,PA60-700P,{'Substantial': 1},0.0,0.0,0.0
Piper,PT 6A-28,{'Destroyed': 1},0.0,0.0,3.0
Piper Cub Crafters,PA-18-150,{'Substantial': 1},0.0,0.0,0.0
Pitts,S-2B,"{'Minor': 1, 'Substantial': 1}",0.0,0.0,0.0
Pitts,S2A,"{'Destroyed': 1, 'Substantial': 1}",0.0,0.0,1.0
Potez-air Fouga,CM 170,{'Destroyed': 1},2.0,0.0,0.0
RAYTHEON,390,{'Minor': 1},0.0,0.0,0.0
RAYTHEON,A36,{'Destroyed': 1},1.0,0.0,0.0
RAYTHEON,G36,{'Substantial': 1},1.0,0.0,0.0
RAYTHEON AIRCRAFT COMPANY,390,{'Substantial': 1},0.0,0.0,0.0
RAYTHEON AIRCRAFT COMPANY,400A,{'Substantial': 1},0.0,0.0,0.0
RAYTHEON AIRCRAFT COMPANY,58,{'Destroyed': 1},4.0,0.0,0.0
RAYTHEON AIRCRAFT COMPANY,G36,{'Substantial': 2},0.0,1.0,0.0
RAYTHEON AIRCRAFT COMPANY,HAWKER,{'Minor': 1},0.0,0.0,0.0
RAYTHEON AIRCRAFT COMPANY,HAWKER 800XP,{'Substantial': 1},0.0,0.0,0.0
RAYTHEON COMPANY,COBRA,{'Substantial': 1},0.0,0.0,0.0
RICE LEO B,KITFOX SERIES 5,{'Substantial': 1},0.0,0.0,0.0
ROBINSON,R22 Beta,{'Destroyed': 1},2.0,0.0,1.0
ROBINSON,R44,"{'Destroyed': 2, 'Substantial': 1}",2.0,0.6666666666666666,0.0
ROBINSON,R44 - II,{'Substantial': 1},0.0,0.0,0.0
ROBINSON,R44 II,{'Substantial': 1},0.0,3.0,3.0
ROBINSON,R66,{'Substantial': 1},1.0,0.0,0.0
ROBINSON HELICOPTER,R22,{'Substantial': 2},0.0,0.0,0.0
ROBINSON HELICOPTER,R22 BETA,{'Substantial': 2},0.0,1.0,0.0
ROBINSON HELICOPTER,R44,{'Substantial': 5},0.8,0.6,0.0
ROBINSON HELICOPTER COMPANY,R22,{'Substantial': 1},0.0,0.0,0.0
ROBINSON HELICOPTER COMPANY,R22 MARINE,{'Substantial': 1},0.0,0.0,0.0
ROBINSON HELICOPTER COMPANY,R22 MARINER,{'Substantial': 1},0.0,2.0,0.0
ROBINSON HELICOPTER COMPANY,R44,{'Substantial': 1},0.0,1.0,0.0
ROBINSON HELICOPTER COMPANY,R44 II,"{'Substantial': 9, 'Destroyed': 1}",0.1,0.3,0.4
Raven,RX-7,{'Substantial': 1},0.0,0.0,0.0
Raven,S-55,{'Substantial': 1},0.0,2.0,1.0
Raven,S-60A,"{'Minor': 1, 'Substantial': 1, 'Destroyed': 1}",0.0,0.6666666666666666,0.6666666666666666
Raven,S60A,{'Minor': 1},0.0,1.0,1.0
Raven,S77A,{'Substantial': 1},0.0,3.0,4.0
Raytheon,BE-390,{'Substantial': 1},0.0,0.0,0.0
Raytheon,V35A,{'Substantial': 1},2.0,0.0,0.0
Raytheon Aircraft Company,A36,{'Substantial': 1},0.0,2.0,2.0
Raytheon Aircraft Company,B200,{'Substantial': 1},0.0,0.0,0.0
Raytheon Aircraft Company,B36TC,{'Destroyed': 1},2.0,0.0,0.0
Raytheon Aircraft Company,C90A,"{'Substantial': 1, 'Minor': 1}",0.0,0.0,0.0
Raytheon Corporate Jets,Hawker 800XP,{'Substantial': 1},0.0,0.0,0.0
Remote Sensing,CIRRUS VK-30,{'Destroyed': 1},2.0,0.0,0.0
Robinson,R-22,{'Substantial': 10},0.0,0.1,0.0
Robinson,R-22 BETA,{'Substantial': 1},0.0,0.0,2.0
Robinson,R-22 Beta,{'Substantial': 1},0.0,0.0,0.0
Robinson,R-22 MARINER,{'Destroyed': 1},1.0,0.0,0.0
Robinson,R-22A,{'Substantial': 1},0.0,0.0,0.0
Robinson,R-22B,"{'Destroyed': 2, 'Substantial': 1}",1.3333333333333333,0.0,0.0
Robinson,R-22HP,{'Substantial': 1},0.0,1.0,0.0
Robinson,R-22M,{'Substantial': 1},0.0,0.0,0.0
Robinson,R-44,"{'Substantial': 2, 'Destroyed': 1}",0.0,0.0,0.6666666666666666
Robinson,R-44A,{'Destroyed': 1},3.0,0.0,0.0
Robinson,R22,"{'Substantial': 5, 'Destroyed': 3}",0.375,0.125,0.25
Robinson,R22 BETA,{'Substantial': 3},0.0,0.0,0.6666666666666666
Robinson,R22 Beta,{'Substantial': 4},0.0,0.0,0.0
Robinson,R22-B2,{'Substantial': 1},0.0,0.0,0.0
Robinson,R22A,"{'Substantial': 2, 'Destroyed': 1}",1.0,0.0,0.0
Robinson,R44,"{'Substantial': 8, 'Destroyed': 2}",0.6,0.6,1.0
Robinson,R44 II,"{'Substantial': 2, 'Destroyed': 1}",1.0,0.3333333333333333,0.0
Robinson,R44 Raven II,{'Substantial': 1},0.0,0.0,0.0
Robinson Helicopter,R22 BETA,{'Substantial': 1},0.0,1.0,1.0
Rockwell,112,{'Substantial': 1},0.0,0.0,0.0
Rockwell,1121B,{'Destroyed': 1},4.0,0.0,0.0
Rockwell,112TCA,"{'Destroyed': 1, 'Substantial': 1}",2.0,0.0,0.0
Rockwell,114,"{'Minor': 1, 'Destroyed': 1, 'Substantial': 1}",0.3333333333333333,0.0,1.3333333333333333
Rockwell,500,{'Destroyed': 1},2.0,0.0,0.0
Rockwell,500S,"{'Substantial': 2, 'Destroyed': 1}",1.0,0.0,0.0
Rockwell,690-A,{'Destroyed': 1},5.0,0.0,0.0
Rockwell,690A,{'Substantial': 2},0.0,0.0,0.0
Rockwell,690B,"{'Substantial': 2, 'Destroyed': 1}",1.3333333333333333,0.0,0.0
Rockwell,690C,{'Substantial': 2},0.0,0.0,0.0
Rockwell,AC-690,{'Substantial': 1},0.0,0.0,0.0
Rockwell,AC-700,{'Destroyed': 1},5.0,0.0,0.0
Rockwell,NA-265-65,{'Substantial': 1},0.0,0.0,0.0
Rockwell,NA265-65,{'Substantial': 1},0.0,0.0,0.0
Rockwell,S-2R,{'Substantial': 1},0.0,0.0,1.0
Rockwell,SABRELINER/NA265-40,{'Substantial': 1},0.0,0.0,2.0
Rockwell International,690A,{'Substantial': 1},0.0,0.0,0.0
Rockwell International,NA-265-80,{'Substantial': 1},0.0,0.0,0.0
Rogerson Hiller Corp.,RH-1100,{'Destroyed': 1},0.0,0.0,1.0
Rotorway,EXECUTIVE,{'Substantial': 1},0.0,0.0,0.0
Ryan,ST3KR,{'Destroyed': 1},0.0,0.0,3.0
S.n.i.a.s.,AS350D,"{'Destroyed': 1, 'Substantial': 1}",0.0,0.5,0.5
SCHOEPFLIN,DA-4-550,{'Substantial': 1},1.0,0.0,0.0
SCHUMACHER,Lancair Super ES,{'Destroyed': 1},3.0,0.0,0.0
SIAI MARCHETTI,F.260,{'Substantial': 1},0.0,4.0,0.0
SIKORSKY,S-76B,{'Substantial': 1},0.0,0.0,0.0
SIKORSKY,S76,{'Substantial': 1},0.0,0.0,0.0
SMITH,AEROSTAR 601P,{'Destroyed': 1},2.0,0.0,0.0
SMITH,Aerostar 601P,{'Substantial': 1},0.0,4.0,0.0
SOCATA,TBM 700,"{'Substantial': 1, 'Destroyed': 1}",1.0,0.0,1.5
SOCATA,TBM-850,{'Substantial': 1},0.0,0.0,1.0
SOCATA,TBM700,{'Substantial': 2},0.0,0.0,0.0
STEMME GMBH & CO,S10 VT,{'Substantial': 1},2.0,0.0,0.0
STINSON,108-2,{'Substantial': 1},0.0,2.0,0.0
STINSON,108-3,{'Substantial': 1},0.0,1.0,0.0
Schramm,HELICYCLE,{'Substantial': 1},0.0,0.0,1.0
Schweizer,2-32,{'Substantial': 1},0.0,0.0,0.0
Schweizer,2-33A,{'Substantial': 1},0.0,0.0,1.0
Schweizer,269C,"{'Substantial': 5, 'Destroyed': 1}",0.0,0.16666666666666666,0.6666666666666666
Schweizer,G-164A,{'Substantial': 1},0.0,0.0,0.0
Schweizer,HUGHES 269C,{'Substantial': 1},0.0,0.0,0.0
Schweizer,SGS 2-33A,{'Substantial': 1},0.0,0.0,2.0
Short Brothers,SC7,{'Substantial': 1},0.0,0.0,2.0
Siai-Marchetti,S.205/22R,{'Substantial': 1},0.0,0.0,1.0
Siai-marchetti,SF260,{'Substantial': 1},0.0,0.0,0.0
Sikorsky,58H,{'Substantial': 1},0.0,0.0,0.0
Sikorsky,S-58G,{'Destroyed': 1},0.0,0.0,0.0
Sikorsky,S-76A,{'Destroyed': 1},1.0,1.0,0.0
Sikorsky,S-76B,{'Destroyed': 1},4.0,0.0,0.0
Sikorsky,SK-76,{'Substantial': 1},0.0,0.0,0.0
Sikorsky,UH34J,{'Substantial': 1},0.0,0.0,0.0
Skystar Aircraft Corp,Kitfox Lite Squared,{'Substantial': 1},0.0,0.0,0.0
Smith,Aerostar 601P,{'Substantial': 2},0.0,0.0,0.0
"Smith, Ted Aerostar",600-A,{'Destroyed': 1},0.0,0.0,0.0
"Smith, Ted Aerostar",601,{'Destroyed': 2},1.0,0.0,0.0
"Smith, Ted Aerostar",601P,"{'Substantial': 2, 'Destroyed': 1}",0.0,0.3333333333333333,0.6666666666666666
"Smith, Ted Aerostar",601P AEROSTAR,{'Substantial': 1},0.0,0.0,1.0
"Smith, Ted Aerostar",AEROSTAR 600,{'Substantial': 1},0.0,0.0,0.0
"Smith, Ted Aerostar",AEROSTAR 601,{'Substantial': 1},0.0,0.0,1.0
"Smith, Ted Aerostar",AEROSTAR 601A,{'Destroyed': 1},1.0,0.0,0.0
"Smith, Ted Aerostar",AEROSTAR 601P,"{'Substantial': 2, 'Destroyed': 1}",0.6666666666666666,0.0,0.0
Socata,MS RALLYE 235C,{'Substantial': 1},0.0,0.0,0.0
Socata,TB-20,"{'Destroyed': 1, 'Substantial': 1}",1.0,0.5,0.0
Socata,TB-20 TRINIDAD,{'Destroyed': 1},1.0,0.0,0.0
Socata,TB-9,{'Substantial': 1},0.0,0.0,0.0
Socata,TBM 700,"{'Substantial': 3, 'Destroyed': 1}",2.25,0.0,0.75
Socata,TBM-700,{'Substantial': 1},0.0,0.0,0.0
Stanger,AIRCOMMANDER 532,{'Destroyed': 1},1.0,0.0,0.0
Stinson,108,{'Substantial': 1},0.0,0.0,0.0
Stinson,108-2,"{'Substantial': 1, 'Destroyed': 1}",0.5,0.0,0.0
Stinson,108-3,"{'Substantial': 2, 'Destroyed': 1}",0.0,0.3333333333333333,0.6666666666666666
Stinson,SR6,{'Destroyed': 1},2.0,0.0,0.0
Swearingen,226T,{'Substantial': 1},0.0,0.0,0.0
Swearingen,SA-226T,"{'Substantial': 4, 'Destroyed': 2}",0.16666666666666666,0.0,0.0
Swearingen,SA-226T(B),{'Substantial': 1},0.0,0.0,0.0
Swearingen,SA-227,{'Destroyed': 1},3.0,4.0,0.0
Swearingen,SA-26AT,{'Substantial': 2},0.0,0.0,1.0
Swearingen,SA-26T,{'Substantial': 1},0.0,0.0,0.0
Swearingen,SA226-T,{'Substantial': 2},0.0,0.0,0.0
Swearingen,SA26-T,{'Substantial': 1},0.0,0.0,0.0
TEXTRON AVIATION INC,525C,{'Substantial': 1},0.0,0.0,1.0
THRUSH,S2R,{'Substantial': 1},0.0,0.0,0.0
THUNDER & COLT AIRBORNE AMER,AX10 180,{'Substantial': 1},0.0,0.0,0.0
Taylorcraft,BC12-D,{'Substantial': 1},0.0,0.0,0.0
Taylorcraft,BC12D,{'Substantial': 1},0.0,0.0,0.0
Taylorcraft,BCM-12D-85,{'Destroyed': 1},0.0,0.0,1.0
Taylorcraft Aviation,F19,{'Substantial': 1},0.0,1.0,0.0
Ted Smith,601P,{'Destroyed': 1},1.0,0.0,0.0
Texas Helicopter,WASP/M74L,{'Substantial': 1},0.0,0.0,0.0
Textron Aviation Inc,680A,{'Destroyed': 1},0.0,3.0,0.0
Thunder And Colt,180A,{'Destroyed': 1},0.0,1.0,3.0
Twin Commander Acft. Corp.,685,{'Destroyed': 1},2.0,1.0,0.0
ULTRAMAGIC,M-105,{'Minor': 1},0.0,1.0,0.0
ULTRAMAGIC SA,N 300,{'Destroyed': 1},0.0,0.0,0.0
ULTRAMAGIC SA,T210,{'Minor': 1},0.0,2.0,0.0
Ultralight Engineering,ASTRA HS,{'Substantial': 1},1.0,0.0,0.0
Ultramagic,N 250,{'Substantial': 1},0.0,0.0,0.0
Us/lta,138S AIRSHIP,{'Destroyed': 1},0.0,1.0,1.0
VANS AIRCRAFT INC,RV-7,{'Substantial': 1},0.0,0.0,0.0
Vans Aircraft,RV-6T,{'Destroyed': 1},2.0,0.0,0.0
Vans Aircraft,RV-8,{'Destroyed': 1},2.0,0.0,0.0
"Vans Aircraft, Inc.",RV-6T,{'Substantial': 1},0.0,0.0,0.0
Varga,2150A,{'Substantial': 1},0.0,0.0,2.0
Vickers,VISCOUNT VC-810,{'Destroyed': 1},0.0,1.0,17.0
Waco,UPF-7,{'Substantial': 2},0.0,0.5,0.5
Waco,YMF-5,{'Destroyed': 1},0.0,1.0,2.0
Walker,Zenith Zodiac 601 XL,{'Substantial': 1},1.0,0.0,0.0
Wheeler Acft. Co.,EXPRESS 100,{'Destroyed': 1},0.0,0.0,2.0
"Wheeler Technology, Inc.",FT-210,{'Destroyed': 1},3.0,0.0,0.0
Wsk,PZL-104,{'Destroyed': 1},0.0,0.0,0.0
Wsk Pzl Mielec,M-26,{'Substantial': 1},1.0,1.0,0.0
YUNEEC,YUNEEC,{'Substantial': 1},0.0,0.0,0.0
